Business_ID,Annual_Revenue,Net_Profit_Margin,Total_Assets,Total_Liabilities,Debt_Equity_Ratio,Cash_Flow,Years_Active,Industry,Num_Employees,Credit_History_Length,Late_Payments,Credit_Utilization,Bankruptcy_Flag,Credit_Score
BIZ0001,4058131.13,19.06,5963153.96,3452229.56,1.37,198217.71,4,Manufacturing,389,3,3,22.48,0,798
BIZ0002,8728673.38,12.42,5781351.59,673340.12,0.13,971414.36,8,Technology,387,2,10,76.6,0,631
BIZ0003,2227337.19,4.48,2712241.05,1409836.85,1.08,460347.77,18,Retail,312,14,0,33.3,0,813
BIZ0004,1825191.68,6.55,3184350.01,1480264.17,0.87,795917.16,1,Retail,121,1,8,25.97,0,657
BIZ0005,6127938.4,1.88,5017340.87,1186196.21,0.31,111799.01,20,Manufacturing,297,7,10,85.91,1,387
BIZ0006,8179774.81,6.79,1142308.07,739514.73,1.84,468144.87,18,Hospitality,122,15,9,19.76,0,640
BIZ0007,826690.95,18.28,2366727.86,1491080.74,1.7,346125.52,9,Manufacturing,398,3,6,51.61,0,724
BIZ0008,2256117.33,19.42,6291009.46,5357418.33,5.74,900085.98,11,Construction,89,4,5,57.83,1,541
BIZ0009,1340678.77,4.72,743727.4,267938.4,0.56,419243.43,4,Retail,204,1,5,31.71,0,714
BIZ0010,3889156.6,6.34,4524490.23,962537.25,0.27,812087.13,12,Education,145,1,7,15.96,1,482
BIZ0011,7836325.31,4.78,441968.09,332523.15,3.04,721514.48,18,Retail,482,13,1,68.32,0,775
BIZ0012,1203424.19,7.81,1280604.85,1012296.03,3.77,642133.22,18,Construction,434,12,9,36.47,0,631
BIZ0013,3454332.06,7.18,5945006.96,3626727.58,1.56,892852.11,7,Retail,33,6,3,47.78,0,746
BIZ0014,7275825.48,15.45,4665706.7,3344256.06,2.53,519105.82,10,Retail,447,4,1,51.82,0,824
BIZ0015,741481.7,3.05,638861.81,389148.83,1.56,348638.18,13,Construction,242,11,5,50.69,1,504
BIZ0016,2868276.18,8.8,6142188.65,1738476.06,0.39,123130.91,6,Transportation,191,2,10,33.18,0,613
BIZ0017,9332127.7,16.35,5213868.55,4156331.63,3.93,813488.47,9,Retail,321,3,8,24.93,0,697
BIZ0018,5623751.3,16.34,7210293.88,2555348.2,0.55,154549.33,8,Technology,246,7,4,28.23,0,775
BIZ0019,8271140.28,17.35,452836.19,230311.51,1.03,446540.45,18,Food Services,360,11,0,27.77,0,850
BIZ0020,3707344.13,18.92,2856342.28,1471109.1,1.06,717868.01,8,Manufacturing,422,6,6,39.09,1,530
BIZ0021,9643249.3,5.78,4179088.64,1423826.57,0.52,320598.47,9,Retail,118,6,3,12.95,0,763
BIZ0022,5275450.72,1.98,2517713.13,2081173.67,4.77,277583.8,16,Hospitality,462,15,2,21.59,0,779
BIZ0023,9863679.31,5.6,5508230.16,3906963.92,2.44,275755.67,9,Technology,136,9,8,68.26,0,635
BIZ0024,6506905.39,13.04,4471887.6,770201.32,0.21,843537.37,9,Education,229,7,5,35.66,0,752
BIZ0025,887363.84,12.23,5549489.15,628592.1,0.13,536488.41,8,Technology,270,8,1,28.12,0,835
BIZ0026,2156481.08,14.13,3339188.63,2836253.37,5.64,180644.9,2,Retail,88,1,10,37.29,0,651
BIZ0027,9284589.37,17.67,2360356.37,1482273.67,1.69,826361.09,14,Education,42,7,6,54.42,0,722
BIZ0028,2797596.76,2.77,7218839.76,5921862.91,4.57,651446.38,20,Real Estate,280,9,8,37.12,0,651
BIZ0029,7396578.95,18.05,7141856.82,5169993.27,2.62,659930.06,1,Retail,359,1,10,16.73,0,661
BIZ0030,9036264.79,12.52,469897.59,85134.75,0.22,680326.68,11,Retail,160,7,2,10.4,0,824
BIZ0031,5712971.0,14.15,5354905.57,1496243.34,0.39,726570.26,15,Manufacturing,498,12,4,28.98,0,775
BIZ0032,7591668.35,13.34,6854097.92,4291284.32,1.67,589893.17,17,Technology,269,4,10,17.49,0,661
BIZ0033,3019422.49,5.64,7794880.22,3230807.76,0.71,897444.23,10,Healthcare,321,4,2,60.49,0,759
BIZ0034,5275052.38,11.96,4143134.47,1061447.81,0.34,736329.51,12,Technology,286,9,0,32.46,0,850
BIZ0035,6631986.81,4.37,7547485.24,6514558.01,6.31,919121.17,20,Transportation,260,1,1,39.61,0,790
BIZ0036,9319026.34,9.14,7746576.62,6746462.45,6.75,860358.98,12,Construction,132,1,3,33.56,0,753
BIZ0037,8585798.38,7.02,1688144.87,920783.44,1.2,939347.04,19,Retail,53,16,1,65.68,0,777
BIZ0038,1423176.69,12.69,7924409.26,1680507.38,0.27,542413.17,18,Technology,75,16,8,80.19,0,669
BIZ0039,7121649.54,14.35,3132132.75,1048868.18,0.5,818893.1,6,Construction,280,5,6,74.81,0,712
BIZ0040,9175785.25,10.72,4211523.84,3110783.73,2.83,667465.73,7,Healthcare,396,6,3,66.16,0,776
BIZ0041,8955050.75,7.42,3254430.44,570129.19,0.21,599366.13,10,Hospitality,353,6,7,12.88,0,683
BIZ0042,5655124.03,6.44,4890332.78,608358.38,0.14,85480.78,17,Real Estate,71,8,3,75.81,0,732
BIZ0043,1707074.87,10.92,6251951.0,1704637.09,0.37,641745.95,3,Transportation,20,3,8,16.83,0,701
BIZ0044,5547869.0,11.27,5244467.25,3570816.5,2.13,977059.48,8,Education,122,1,1,51.3,0,824
BIZ0045,8054268.85,6.15,3736182.8,608120.19,0.19,74083.21,2,Food Services,44,1,5,87.01,0,686
BIZ0046,7111754.96,8.77,1717036.83,386590.21,0.29,287730.75,3,Healthcare,131,2,10,53.94,0,603
BIZ0047,6771875.08,6.32,7656976.13,5285744.88,2.23,576636.35,16,Food Services,286,5,9,58.94,0,620
BIZ0048,2853444.4,7.76,6159630.44,686889.9,0.13,160269.01,19,Real Estate,134,16,6,13.68,0,703
BIZ0049,8626875.55,14.37,4003721.1,713732.66,0.22,517035.08,7,Retail,59,6,6,47.88,0,726
BIZ0050,4621590.67,8.57,5080460.75,3089300.77,1.55,93038.81,12,Hospitality,220,8,0,39.97,0,810
BIZ0051,5279794.46,17.27,5406071.6,1245275.3,0.3,117040.31,4,Manufacturing,216,3,1,61.39,0,819
BIZ0052,6064868.02,18.86,4773603.75,1959735.91,0.7,661123.81,8,Food Services,107,8,2,46.66,0,806
BIZ0053,9443915.68,8.34,7705048.29,6351121.16,4.69,236001.58,14,Technology,152,8,3,15.55,0,762
BIZ0054,673107.34,2.79,5590851.48,877489.28,0.19,353026.85,3,Real Estate,423,3,1,77.59,0,771
BIZ0055,8237450.58,6.36,1298052.69,853326.51,1.92,647495.7,2,Healthcare,438,1,1,80.2,0,769
BIZ0056,8133068.84,6.36,1748540.53,1224838.31,2.34,816493.0,8,Technology,218,8,7,89.24,0,645
BIZ0057,4034171.82,15.75,2990106.91,2525461.82,5.44,865492.11,7,Hospitality,472,1,2,44.32,0,807
BIZ0058,7668157.3,2.96,7259402.09,3660204.31,1.02,835134.59,13,Manufacturing,209,5,7,35.6,0,672
BIZ0059,4197415.95,1.21,7280903.02,1259809.85,0.21,353347.96,10,Hospitality,366,9,10,86.0,1,387
BIZ0060,5947659.94,13.0,3808185.97,1274099.51,0.5,362231.32,16,Technology,107,10,3,63.8,0,778
BIZ0061,8020000.92,16.0,1093166.38,541703.56,0.98,104680.82,2,Education,386,1,5,53.96,0,743
BIZ0062,8933189.74,7.67,1289709.32,276505.1,0.27,773435.1,2,Manufacturing,309,2,8,59.46,0,640
BIZ0063,1299014.66,14.32,952998.85,721885.24,3.12,720930.12,17,Technology,39,17,1,16.51,0,841
BIZ0064,9873076.0,8.11,3216880.32,2413431.18,3.0,949886.15,6,Retail,314,1,10,88.88,0,585
BIZ0065,4074466.06,2.59,6306316.56,3447810.83,1.21,453010.91,8,Hospitality,71,4,9,82.51,0,608
BIZ0066,5179938.49,1.22,3961820.88,574632.88,0.17,162877.02,20,Manufacturing,327,3,6,19.4,0,700
BIZ0067,7587426.35,12.08,7712511.37,3084206.02,0.67,321426.48,19,Education,277,11,4,79.49,0,750
BIZ0068,9650614.12,1.23,7771079.08,1045427.18,0.16,896585.96,7,Transportation,132,3,6,52.22,1,483
BIZ0069,1201067.36,11.52,7766699.27,4026864.84,1.08,647928.71,5,Construction,244,3,1,65.66,0,817
BIZ0070,6461801.76,12.1,7248800.88,988425.5,0.16,316915.03,1,Real Estate,328,1,1,86.03,0,806
BIZ0071,4828739.15,12.78,2508096.99,628270.59,0.33,490513.48,18,Food Services,269,9,2,38.27,0,810
BIZ0072,1238479.05,19.51,7895201.66,5199222.18,1.93,559291.55,12,Retail,460,4,5,34.76,0,752
BIZ0073,7004946.14,4.09,7323046.6,5551087.51,3.13,952309.92,10,Technology,234,9,4,68.06,0,715
BIZ0074,4473308.84,18.72,6982085.56,950785.05,0.16,75048.63,20,Healthcare,14,18,4,40.12,0,769
BIZ0075,9879123.23,3.86,4915393.44,1989322.08,0.68,971418.68,4,Technology,145,1,1,77.37,0,771
BIZ0076,4952585.02,8.88,2477893.75,359543.37,0.17,871486.26,18,Technology,149,10,9,75.03,1,412
BIZ0077,9968049.95,11.55,6244304.36,5343954.25,5.94,857165.02,7,Transportation,114,6,10,29.79,0,655
BIZ0078,1727014.44,19.13,5006927.22,1416531.03,0.39,688115.65,9,Healthcare,260,5,0,59.45,0,840
BIZ0079,1578797.13,13.76,4354338.53,3125782.44,2.54,544155.33,3,Hospitality,434,2,0,78.17,0,830
BIZ0080,5828910.73,17.66,3466469.78,718294.77,0.26,77343.54,1,Transportation,404,1,10,70.41,0,634
BIZ0081,7188757.8,5.05,1436423.21,160356.16,0.13,383058.18,9,Technology,389,8,8,57.19,0,641
BIZ0082,4656011.76,18.18,3046741.55,1557468.66,1.05,794470.36,14,Healthcare,14,2,1,41.72,0,829
BIZ0083,8692455.23,19.04,1517758.46,1276844.81,5.3,517510.48,5,Healthcare,28,3,9,30.66,0,674
BIZ0084,9810309.47,10.36,2898512.24,1758587.33,1.54,278138.34,18,Technology,230,5,0,16.07,0,850
BIZ0085,1716435.47,3.89,1455086.51,891531.21,1.58,222786.08,10,Transportation,470,1,5,37.65,0,711
BIZ0086,5002635.58,13.68,1709631.02,433957.72,0.34,88825.19,7,Food Services,351,1,5,23.51,0,758
BIZ0087,2181599.6,2.69,1316832.62,617098.07,0.88,246017.03,18,Hospitality,327,5,3,39.14,0,750
BIZ0088,7058750.87,1.75,6475519.03,3900336.64,1.51,127671.08,6,Technology,461,4,0,79.89,1,590
BIZ0089,1080240.62,6.26,6527129.73,4559903.43,2.32,225294.97,6,Transportation,410,4,10,26.75,0,616
BIZ0090,5102968.36,12.75,3203743.66,1505848.5,0.89,760097.39,8,Construction,91,2,6,12.93,0,743
BIZ0091,7276821.07,18.01,4288748.56,2254555.61,1.11,151813.41,2,Real Estate,123,1,7,45.79,0,707
BIZ0092,2803469.78,6.12,3267359.64,379199.82,0.13,355975.21,12,Construction,430,4,3,26.92,0,756
BIZ0093,1637740.25,17.92,4911302.65,3159351.88,1.8,799712.68,1,Food Services,214,1,4,49.88,0,765
BIZ0094,5602512.15,12.15,6065340.0,2701063.53,0.8,171201.29,3,Construction,189,3,8,32.7,0,693
BIZ0095,6636213.79,11.84,3106335.12,2762191.08,8.03,625486.08,13,Healthcare,179,1,1,28.98,0,835
BIZ0096,1952161.82,5.67,1621178.44,404084.59,0.33,320840.41,9,Technology,307,5,0,23.87,0,818
BIZ0097,1262220.58,10.97,3519015.89,3117506.36,7.76,156436.96,4,Education,232,3,5,41.83,1,549
BIZ0098,8722317.7,16.52,2360061.49,558650.32,0.31,685211.06,14,Education,271,2,6,84.35,0,707
BIZ0099,5930320.55,6.32,6248146.29,1559755.99,0.33,357495.27,19,Food Services,140,2,6,44.03,0,687
BIZ0100,2802892.46,3.18,5040712.32,1667994.1,0.49,602176.31,1,Healthcare,483,1,5,22.35,0,718
BIZ0101,5559599.61,1.98,2958192.51,613918.84,0.26,110206.22,14,Retail,495,11,5,89.2,0,685
BIZ0102,8193807.24,5.84,5579420.69,3951246.91,2.43,615856.8,20,Transportation,349,4,4,47.73,0,726
BIZ0103,3814248.53,18.66,6712707.5,5853625.45,6.81,168082.36,17,Construction,351,14,5,68.47,1,535
BIZ0104,2221714.13,2.26,6032516.93,3375666.72,1.27,849737.34,13,Construction,293,3,3,21.18,0,759
BIZ0105,2415459.54,4.11,1648420.06,1239051.05,3.03,681937.36,14,Hospitality,356,12,2,51.85,0,764
BIZ0106,8833405.14,8.46,6606155.74,2981410.45,0.82,408097.21,20,Education,164,13,8,47.01,0,646
BIZ0107,7602289.11,10.55,2164816.48,1774412.74,4.55,414696.66,1,Construction,156,1,6,53.48,1,523
BIZ0108,6430260.96,3.22,7542724.14,4541975.36,1.51,368160.33,19,Education,345,11,7,21.14,0,679
BIZ0109,6390691.18,11.14,7193583.63,5257630.35,2.72,194091.14,15,Real Estate,355,4,8,34.94,0,692
BIZ0110,7567489.78,1.64,4731161.61,3358968.37,2.45,882927.35,16,Technology,347,3,4,37.37,0,731
BIZ0111,1551001.5,17.08,1368913.83,571973.04,0.72,807430.6,17,Education,181,3,3,21.99,0,799
BIZ0112,7361399.4,14.68,5272722.01,3454469.99,1.9,565588.22,10,Food Services,422,4,2,30.14,0,814
BIZ0113,2225178.31,18.26,4833777.64,2033479.06,0.73,488905.51,1,Manufacturing,135,1,9,85.78,0,647
BIZ0114,6069183.4,10.61,5047052.19,577827.65,0.13,878517.71,3,Real Estate,222,3,9,84.57,0,647
BIZ0115,7118182.83,18.53,5775013.62,1282233.4,0.29,597473.94,7,Hospitality,263,4,3,58.54,0,780
BIZ0116,7496220.24,18.75,7434320.7,3424779.65,0.85,157576.14,5,Manufacturing,467,1,6,88.79,0,705
BIZ0117,1684295.47,18.5,7011212.35,3611268.27,1.06,611711.66,8,Technology,421,8,0,41.92,0,849
BIZ0118,3684373.8,16.25,435203.37,159632.31,0.58,428260.26,18,Food Services,479,4,7,52.99,1,503
BIZ0119,3790286.95,7.59,6005009.49,2772959.37,0.86,263374.58,5,Real Estate,351,5,8,46.2,0,646
BIZ0120,2175676.37,10.47,3583833.42,2981307.59,4.95,394274.2,20,Transportation,496,15,9,56.45,0,661
BIZ0121,624397.34,13.61,1753073.35,1523168.74,6.63,191229.59,17,Hospitality,435,15,2,43.17,0,808
BIZ0122,9970305.39,10.54,4924926.13,756769.97,0.18,762462.45,16,Real Estate,142,8,10,26.79,0,656
BIZ0123,2448826.58,4.62,677777.48,323742.82,0.91,586599.08,9,Healthcare,258,4,4,15.26,0,742
BIZ0124,4806243.93,10.96,3749796.88,1577203.75,0.73,581658.31,15,Retail,375,5,3,22.42,0,798
BIZ0125,8686963.4,18.98,3237150.8,1024868.15,0.46,661799.57,9,Transportation,173,9,1,42.7,0,828
BIZ0126,1983449.67,14.6,5407821.96,658006.44,0.14,260873.55,5,Technology,128,4,2,28.49,0,815
BIZ0127,687250.11,2.98,6479362.25,1573420.66,0.32,670108.8,7,Retail,222,4,5,29.05,0,715
BIZ0128,2810135.81,14.72,6903293.16,5275330.21,3.24,427324.35,18,Real Estate,222,2,3,63.45,0,778
BIZ0129,3284903.44,18.03,498814.62,84003.79,0.2,247491.94,14,Hospitality,473,13,9,12.12,0,683
BIZ0130,6038894.83,9.01,7184305.0,5416641.59,3.06,374726.48,1,Education,204,1,0,30.75,0,814
BIZ0131,6107801.95,6.09,5143531.7,2199010.62,0.75,574444.82,12,Construction,395,7,6,44.89,0,687
BIZ0132,9510306.42,15.51,1464860.14,1164233.31,3.87,513059.64,18,Healthcare,419,8,7,81.56,0,689
BIZ0133,4539528.29,1.43,2441947.93,1302308.83,1.14,651804.31,8,Construction,233,8,0,30.63,0,814
BIZ0134,8431837.25,19.7,4395245.39,1043182.61,0.31,308691.96,13,Transportation,352,11,6,11.47,1,544
BIZ0135,1618635.29,11.95,2482819.68,1349021.21,1.19,668849.37,6,Real Estate,480,2,9,76.38,0,651
BIZ0136,604460.37,3.6,7240141.68,5785684.55,3.98,617542.45,18,Manufacturing,474,13,9,58.04,0,620
BIZ0137,2166027.15,18.37,3582655.99,1456388.43,0.68,542971.82,19,Manufacturing,52,14,2,13.76,0,823
BIZ0138,7511319.36,2.57,4983956.03,1476642.94,0.42,419830.83,15,Technology,35,5,6,33.1,0,693
BIZ0139,7330936.1,6.65,4704675.27,2262197.57,0.93,680487.61,11,Food Services,242,6,5,84.95,0,687
BIZ0140,2541933.6,1.59,2393206.74,1378636.29,1.36,98854.52,13,Construction,395,7,4,49.71,0,725
BIZ0141,3675316.96,15.65,1210146.72,193756.86,0.19,741779.32,3,Real Estate,19,3,8,49.64,0,685
BIZ0142,4630859.72,5.68,6625177.61,4899535.51,2.84,709961.65,2,Transportation,124,1,10,31.77,0,614
BIZ0143,3929252.02,2.74,7371583.17,1544014.25,0.26,952725.49,2,Manufacturing,496,1,3,45.68,0,747
BIZ0144,5648059.0,17.59,5964909.14,4445342.08,2.93,675844.2,1,Education,88,1,2,65.38,0,797
BIZ0145,2871846.08,10.3,2081191.76,1852540.39,8.1,946856.37,16,Retail,298,7,7,13.15,0,723
BIZ0146,9289859.02,4.43,4716383.75,3925873.68,4.97,82248.68,9,Transportation,95,2,2,65.79,0,757
BIZ0147,9281763.86,19.45,7576425.32,3631921.41,0.92,868940.52,10,Retail,306,1,4,77.56,0,751
BIZ0148,8374697.0,1.7,4931651.08,1400623.77,0.4,164538.54,19,Hospitality,213,7,1,16.16,0,801
BIZ0149,3728812.16,14.77,896708.19,315849.56,0.54,562516.73,19,Food Services,62,10,10,73.26,0,633
BIZ0150,6445968.08,17.83,5080560.23,1454907.74,0.4,73180.74,20,Retail,417,19,0,79.61,0,830
BIZ0151,8809665.89,11.05,7536914.51,5569980.22,2.83,998037.41,12,Healthcare,229,11,5,38.06,0,750
BIZ0152,4318343.68,10.12,5169041.52,4129762.77,3.97,984879.3,3,Healthcare,341,2,0,71.46,0,834
BIZ0153,4502891.52,15.01,2214706.31,417204.8,0.23,386891.05,14,Real Estate,64,7,5,32.98,0,753
BIZ0154,2719273.63,1.8,535841.9,476994.62,8.11,456384.48,15,Technology,232,3,8,40.75,0,649
BIZ0155,2573411.93,19.05,6376222.11,1093705.74,0.21,446701.74,9,Education,423,9,7,80.33,1,489
BIZ0156,4940314.36,12.65,1669457.99,1490717.3,8.34,270088.12,15,Hospitality,432,12,9,85.42,0,647
BIZ0157,6273499.55,10.74,2153090.57,519373.73,0.32,259461.9,9,Transportation,446,4,1,24.92,0,837
BIZ0158,3826189.96,2.1,7765179.99,6266723.17,4.18,931364.67,9,Real Estate,134,8,9,89.59,0,605
BIZ0159,4264299.18,15.41,5689756.7,1269479.88,0.29,825041.47,20,Hospitality,182,1,7,27.96,0,716
BIZ0160,5601257.02,12.27,4808655.18,832808.44,0.21,883587.82,11,Technology,259,4,5,31.25,0,754
BIZ0161,8943106.76,19.16,6952169.89,5197531.61,2.96,672479.88,9,Transportation,153,5,8,54.07,0,682
BIZ0162,4380305.52,8.08,2374128.76,1611406.87,2.11,521081.95,1,Healthcare,495,1,1,16.48,0,801
BIZ0163,6990958.25,2.45,6869172.55,3407914.8,0.98,506557.25,8,Hospitality,260,4,7,57.39,0,661
BIZ0164,3804187.48,13.88,4699562.93,1473889.22,0.46,884698.49,16,Real Estate,415,1,1,73.79,0,813
BIZ0165,8580526.43,17.48,5783558.62,4451088.38,3.34,712597.89,10,Food Services,217,4,4,64.41,0,757
BIZ0166,7650808.08,4.01,7094617.77,5657779.04,3.94,77784.92,19,Transportation,252,18,8,76.07,0,631
BIZ0167,3683629.12,15.13,1621775.21,1223424.43,3.07,840527.47,12,Hospitality,391,9,5,50.6,0,744
BIZ0168,3226862.27,12.72,7857014.95,4757036.16,1.53,296813.4,12,Real Estate,148,5,4,60.72,0,759
BIZ0169,7908531.25,3.03,6183812.06,3296053.84,1.14,964842.4,8,Retail,379,4,5,37.35,0,711
BIZ0170,9354267.0,2.95,7522936.5,4892230.14,1.86,114445.21,4,Healthcare,496,2,3,34.08,0,752
BIZ0171,1139830.71,12.06,3028711.23,1807330.16,1.48,93454.93,7,Real Estate,151,6,9,79.72,1,450
BIZ0172,9704339.63,15.24,1388655.42,981238.58,2.41,73357.57,17,Education,154,4,3,11.77,0,804
BIZ0173,5142110.31,15.64,5593044.86,2554467.56,0.84,309945.33,10,Food Services,194,3,4,89.77,0,745
BIZ0174,4788176.73,4.11,6440552.57,4218212.73,1.9,259731.13,1,Healthcare,74,1,0,16.59,0,821
BIZ0175,6717856.54,6.19,7626563.07,1684298.34,0.28,460718.06,2,Healthcare,159,1,10,85.49,0,587
BIZ0176,6565996.5,8.55,2484035.54,2203791.91,7.86,438867.31,16,Retail,456,1,9,81.53,0,609
BIZ0177,2524494.69,1.59,5352667.87,2113346.08,0.65,871140.34,10,Real Estate,255,8,5,47.86,1,506
BIZ0178,2262492.4,17.5,6302136.08,4516977.11,2.53,852544.07,6,Manufacturing,139,4,1,70.88,0,814
BIZ0179,1746826.34,1.62,7398443.64,4389646.44,1.46,806710.43,3,Hospitality,261,1,9,48.52,0,625
BIZ0180,1689265.03,14.03,3670324.8,955825.18,0.35,517014.82,2,Technology,86,2,1,15.14,0,842
BIZ0181,3055437.34,16.15,2758750.89,1280546.28,0.87,61039.51,8,Retail,295,7,9,15.8,0,682
BIZ0182,5059418.93,12.4,2616635.6,1716475.04,1.91,867116.28,20,Education,125,17,6,72.39,0,713
BIZ0183,5064816.0,2.99,2239542.12,1991692.16,8.04,185370.77,15,Real Estate,162,14,9,49.91,0,625
BIZ0184,7173417.22,11.63,474258.44,171287.47,0.57,541826.06,14,Construction,301,10,0,17.03,0,850
BIZ0185,815429.53,2.49,3416616.9,704412.8,0.26,589163.81,20,Retail,495,7,10,65.16,0,597
BIZ0186,2401427.32,4.18,1194715.59,727754.07,1.56,721151.94,7,Construction,348,1,2,12.53,1,583
BIZ0187,993727.19,11.28,5788859.95,4612420.62,3.92,728382.59,8,Technology,292,2,2,74.14,0,792
BIZ0188,8240838.58,2.52,7200606.59,3874458.48,1.16,826432.88,1,Hospitality,240,1,4,46.19,0,726
BIZ0189,5500825.28,14.9,1020387.86,151304.81,0.17,284748.07,2,Food Services,157,2,7,22.76,0,718
BIZ0190,2582532.88,19.54,2960408.02,727355.47,0.33,800213.58,3,Food Services,483,2,10,62.7,0,638
BIZ0191,5775953.73,14.66,2136256.03,1916365.07,8.72,976053.5,19,Food Services,227,4,8,62.03,0,678
BIZ0192,6962168.3,2.37,632959.02,193778.07,0.44,489491.81,8,Technology,475,5,2,79.46,0,750
BIZ0193,7555711.95,9.08,3029105.94,1202043.17,0.66,988267.09,3,Manufacturing,94,2,9,13.21,0,643
BIZ0194,5997416.38,9.33,5911958.22,2892928.98,0.96,879752.08,19,Construction,234,4,7,82.06,0,648
BIZ0195,3129864.07,12.25,7333961.43,1969386.84,0.37,641818.25,10,Hospitality,492,5,8,60.52,0,679
BIZ0196,1749893.01,14.6,7308647.16,1781457.07,0.32,275666.16,18,Real Estate,234,3,9,87.71,0,646
BIZ0197,8616658.39,10.35,2278956.17,1815416.31,3.92,473039.99,2,Hospitality,386,2,9,51.19,0,664
BIZ0198,6133033.09,4.11,3372219.68,2952479.02,7.03,295226.76,9,Manufacturing,56,4,10,62.54,0,598
BIZ0199,7847994.69,3.49,7770639.94,3598052.1,0.86,274247.94,19,Education,496,1,10,15.88,0,622
BIZ0200,5437852.51,7.4,6699513.58,2979340.81,0.8,286278.56,9,Education,30,3,7,59.37,0,660
BIZ0201,2086898.13,4.18,678702.84,467708.8,2.22,680614.3,17,Real Estate,479,9,2,47.97,0,766
BIZ0202,8153866.45,12.12,6998861.73,1852409.51,0.36,156323.64,19,Hospitality,335,16,1,31.58,0,834
BIZ0203,5546110.52,18.8,699010.91,138186.02,0.25,479589.08,16,Transportation,219,11,5,84.71,0,727
BIZ0204,5318730.68,1.79,1527408.33,1358330.49,8.03,966862.76,4,Technology,178,4,7,10.4,1,484
BIZ0205,6571639.41,17.49,3856022.9,1976122.36,1.05,514404.25,10,Hospitality,426,9,0,63.35,0,838
BIZ0206,784749.1,6.85,5755573.8,1504983.33,0.35,689760.81,15,Retail,171,5,5,87.59,0,686
BIZ0207,6889720.12,9.43,6997881.13,1691526.65,0.32,707994.65,4,Hospitality,452,1,10,77.05,1,391
BIZ0208,6990856.27,10.45,5095639.03,4051664.82,3.88,592079.26,18,Real Estate,221,2,3,12.43,1,603
BIZ0209,7050504.13,13.85,2039131.16,1278756.23,1.68,424171.19,17,Transportation,328,16,10,62.1,0,638
BIZ0210,6749530.39,19.99,766411.5,675775.18,7.46,436562.56,15,Manufacturing,114,5,8,79.66,0,670
BIZ0211,5886654.48,15.03,7076718.27,2995661.59,0.73,360681.5,5,Construction,234,4,1,63.41,0,818
BIZ0212,7741708.78,16.16,3710433.19,2798658.69,3.07,164198.6,1,Education,419,1,2,53.56,0,803
BIZ0213,3583565.38,7.96,3410912.46,2238833.45,1.91,419130.2,10,Healthcare,17,9,6,45.9,0,687
BIZ0214,4045892.02,5.32,956289.02,557285.91,1.4,684802.16,3,Food Services,440,1,7,59.56,0,660
BIZ0215,4107964.91,17.4,4345021.57,2100146.63,0.94,74359.96,4,Technology,265,3,8,37.3,0,691
BIZ0216,4288816.42,12.02,4455379.36,2612296.18,1.42,776639.1,9,Hospitality,437,8,7,75.04,0,692
BIZ0217,9577475.11,1.35,1887912.69,200213.71,0.12,665100.98,8,Real Estate,292,3,6,81.84,0,669
BIZ0218,9306828.18,2.15,7501713.8,2860389.59,0.62,146349.79,7,Education,270,6,2,48.87,0,765
BIZ0219,3206292.57,6.84,6502996.82,3455230.94,1.13,345742.31,3,Construction,405,2,5,58.83,0,700
BIZ0220,3089928.01,8.86,1326334.31,324845.11,0.32,697061.96,17,Construction,430,1,4,24.52,0,737
BIZ0221,7235939.49,3.03,4711572.87,1438208.69,0.44,964780.53,10,Education,306,8,2,48.68,0,765
BIZ0222,5727152.15,1.82,5211950.45,4488128.71,6.2,621531.23,15,Healthcare,257,6,5,75.54,0,692
BIZ0223,2666757.83,5.03,5043455.52,2162748.6,0.75,847868.24,18,Healthcare,203,15,5,82.0,0,689
BIZ0224,2750270.31,15.83,2488525.87,1886530.2,3.13,452551.34,7,Food Services,302,4,3,63.4,0,778
BIZ0225,6426663.58,9.58,4858224.32,1138823.0,0.31,750030.06,14,Manufacturing,172,12,7,79.02,0,650
BIZ0226,1409288.28,1.45,5278983.4,3091769.81,1.41,569362.54,13,Hospitality,349,13,10,28.56,0,615
BIZ0227,6147525.18,10.44,7907169.95,1653798.84,0.26,710387.33,5,Real Estate,28,2,8,42.35,0,688
BIZ0228,7317178.77,14.16,7933545.55,1608252.11,0.25,148904.17,19,Transportation,455,4,7,67.95,0,696
BIZ0229,3104526.33,2.51,1051002.7,856937.89,4.42,232273.96,4,Healthcare,476,4,0,35.87,0,812
BIZ0230,3872464.91,2.32,4344854.41,669498.84,0.18,810338.68,5,Hospitality,455,2,1,28.7,0,795
BIZ0231,8860751.33,13.37,4450479.18,1599800.41,0.56,366351.82,16,Construction,183,13,10,63.56,1,438
BIZ0232,6787472.3,11.6,5952943.88,2810768.71,0.89,107135.23,3,Transportation,446,3,8,54.98,1,482
BIZ0233,2165377.95,14.11,1927096.03,1018782.73,1.12,141842.63,13,Transportation,330,12,7,46.03,0,706
BIZ0234,3801929.48,13.63,6445419.7,5425382.12,5.32,272909.98,18,Manufacturing,326,3,3,41.95,0,789
BIZ0235,9928593.27,18.61,4503674.19,3484162.31,3.42,544910.08,10,Food Services,392,2,6,59.89,0,720
BIZ0236,7675068.99,3.43,6678113.99,4845789.57,2.64,723307.46,4,Retail,237,2,4,12.89,0,743
BIZ0237,2999569.41,7.84,1066084.88,905709.74,5.65,576112.13,1,Manufacturing,176,1,4,34.44,0,732
BIZ0238,4748424.13,12.41,4319163.65,3608719.88,5.08,522115.31,12,Transportation,230,3,3,89.37,0,765
BIZ0239,2480849.89,18.68,1284384.62,968374.33,3.06,411592.13,17,Hospitality,299,6,2,80.24,0,789
BIZ0240,8156291.3,16.01,2715561.46,447349.18,0.2,432831.17,6,Retail,322,4,9,23.88,0,678
BIZ0241,3787947.4,19.54,5271387.79,3995629.98,3.13,175898.44,8,Real Estate,477,3,3,78.96,1,570
BIZ0242,5127088.23,12.52,6212554.49,1490211.05,0.32,527437.77,15,Construction,245,5,10,41.89,0,649
BIZ0243,3991577.01,2.3,596170.49,124082.77,0.26,964959.36,1,Real Estate,471,1,10,53.96,1,403
BIZ0244,4608729.84,6.92,4246678.16,1917839.57,0.82,150381.45,18,Technology,47,15,5,61.27,0,699
BIZ0245,6386085.57,13.35,1555388.88,231876.91,0.18,791723.51,19,Construction,337,14,4,46.78,0,766
BIZ0246,9951230.01,2.1,5682267.74,5039848.39,7.85,277221.1,15,Construction,111,7,7,21.38,0,679
BIZ0247,3381113.9,2.92,5660426.2,848121.12,0.18,533951.02,4,Food Services,205,3,9,89.74,0,605
BIZ0248,6344584.66,6.82,5141608.36,2682033.47,1.09,454779.21,10,Construction,21,7,4,20.46,0,739
BIZ0249,4772954.16,4.7,3194971.07,1378003.17,0.76,836161.0,1,Education,452,1,9,68.69,0,615
BIZ0250,604797.01,8.91,4058215.55,468130.67,0.13,296822.55,16,Construction,407,8,9,70.82,0,614
BIZ0251,5585446.25,5.09,492117.89,144171.43,0.41,977080.07,12,Food Services,335,4,9,74.12,1,412
BIZ0252,5134613.42,3.08,4564492.12,2115650.62,0.86,852139.23,9,Technology,331,2,10,17.85,0,621
BIZ0253,1925462.31,7.17,6003913.79,2886768.83,0.93,407093.87,2,Construction,413,2,0,41.56,0,809
BIZ0254,7957657.17,17.95,7660543.62,5588540.53,2.7,349636.55,19,Transportation,384,5,1,65.05,0,817
BIZ0255,2919370.91,16.98,692040.25,568448.5,4.6,488403.59,10,Transportation,392,7,2,60.98,0,799
BIZ0256,9003618.54,13.1,5065895.24,776711.33,0.18,542487.62,7,Technology,412,5,5,22.01,0,758
BIZ0257,5366108.25,13.92,716714.04,120288.71,0.2,730507.22,17,Healthcare,477,9,2,15.77,0,822
BIZ0258,615030.51,19.17,6005063.53,2297544.07,0.62,331708.8,9,Real Estate,422,5,5,37.98,0,751
BIZ0259,6783020.81,4.52,1723230.95,307969.84,0.22,677287.58,4,Real Estate,48,2,3,71.15,0,734
BIZ0260,698977.13,2.56,7755736.26,2608687.04,0.51,780761.99,13,Healthcare,197,2,6,59.97,0,680
BIZ0261,2454028.99,3.31,5074098.56,3651864.38,2.57,661709.04,1,Construction,284,1,7,52.42,0,663
BIZ0262,9700643.39,16.18,2625447.48,2320833.25,7.62,621787.51,12,Construction,309,7,10,56.59,0,641
BIZ0263,8211812.99,13.47,1373527.67,509048.59,0.59,931679.46,12,Retail,355,4,7,27.97,0,716
BIZ0264,4604730.39,9.35,5058340.83,4322153.3,5.87,278658.08,1,Education,462,1,9,19.72,0,640
BIZ0265,8925786.55,13.27,2572891.6,1936763.58,3.04,868301.5,8,Retail,335,8,4,77.72,1,551
BIZ0266,2896289.69,15.35,3900100.18,3017112.98,3.42,742066.14,14,Retail,81,1,0,72.12,0,833
BIZ0267,2185573.31,11.36,7883490.02,6700260.58,5.66,91015.05,10,Real Estate,69,2,3,23.19,0,798
BIZ0268,7396809.14,16.54,2022686.38,1020813.72,1.02,848667.88,18,Technology,208,15,5,68.62,0,735
BIZ0269,6108303.06,10.66,2661368.23,1469122.09,1.23,704441.04,18,Hospitality,310,5,6,79.87,0,710
BIZ0270,7730654.6,4.04,3907836.81,419956.84,0.12,284344.92,4,Real Estate,325,4,4,68.12,1,515
BIZ0271,1442191.95,8.63,6480539.36,1705862.7,0.36,577330.7,2,Transportation,121,2,7,68.65,0,655
BIZ0272,2286234.98,7.75,6356817.56,3454175.23,1.19,54968.13,8,Transportation,60,6,8,70.88,0,634
BIZ0273,7584470.94,4.85,7681358.45,3029163.68,0.65,360585.04,12,Manufacturing,213,5,3,21.91,0,759
BIZ0274,8828182.24,19.93,3199152.43,1468054.28,0.85,735967.39,4,Real Estate,56,2,10,80.9,0,629
BIZ0275,4219494.13,8.84,5686697.91,583310.83,0.11,638609.87,20,Manufacturing,35,11,3,38.44,0,750
BIZ0276,1383411.08,12.18,4055393.96,2489445.84,1.59,111610.91,5,Education,115,1,8,56.4,0,681
BIZ0277,5826270.9,12.47,5541156.32,4122571.54,2.91,306329.68,7,Education,120,7,3,76.0,0,772
BIZ0278,1232053.65,2.11,2940211.22,2140231.44,2.68,722296.89,11,Technology,413,10,0,73.09,0,793
BIZ0279,4681890.48,3.8,2894264.93,1294360.12,0.81,134170.41,9,Technology,76,9,4,27.65,0,736
BIZ0280,7488799.59,19.97,7491661.32,4600270.81,1.59,450185.65,6,Retail,348,1,2,60.89,0,799
BIZ0281,1624193.81,8.79,6782497.37,2760926.53,0.69,593278.66,1,Transportation,414,1,9,57.02,0,621
BIZ0282,3941236.7,7.36,599094.98,71504.03,0.14,840112.19,11,Manufacturing,99,5,0,31.85,0,814
BIZ0283,3337892.95,18.87,2370655.37,1051920.12,0.8,879093.74,5,Hospitality,279,1,1,77.35,0,811
BIZ0284,8125111.44,9.71,4070563.43,841727.3,0.26,126571.44,16,Real Estate,408,12,8,68.24,0,635
BIZ0285,4650081.67,14.86,6217898.03,1412249.63,0.29,629713.89,19,Retail,241,17,3,20.83,0,799
BIZ0286,6741073.98,19.18,924080.92,134586.64,0.17,318077.72,20,Manufacturing,382,17,4,30.94,0,774
BIZ0287,9109418.51,5.74,2466817.92,1745319.59,2.42,477252.85,15,Manufacturing,41,8,6,72.14,0,673
BIZ0288,5131926.34,1.64,876164.35,722966.98,4.72,182283.1,14,Retail,261,12,7,52.59,0,663
BIZ0289,3799761.6,18.1,565857.82,357074.25,1.71,965224.71,3,Retail,174,3,2,54.81,1,602
BIZ0290,996449.85,8.96,2377199.21,1627565.54,2.17,982232.24,3,Technology,150,3,10,30.52,0,614
BIZ0291,2381927.51,11.74,3925886.9,3445375.08,7.17,628100.91,19,Healthcare,374,11,6,37.96,0,731
BIZ0292,1936844.87,5.28,2307346.63,1800867.54,3.56,583161.65,20,Healthcare,160,15,8,51.87,0,644
BIZ0293,8671327.09,14.73,914279.55,609155.28,2.0,566361.31,20,Hospitality,60,4,10,16.54,0,661
BIZ0294,5104614.73,4.15,7587305.92,5917949.13,3.55,685571.22,18,Food Services,230,15,3,46.98,0,746
BIZ0295,6684247.94,11.36,873275.6,445372.41,1.04,816083.44,14,Transportation,433,8,6,46.74,0,726
BIZ0296,7969642.89,4.83,2365518.35,548244.56,0.3,363704.31,14,Retail,170,7,5,70.54,0,694
BIZ0297,2446372.1,17.68,7084822.1,5642796.82,3.91,276856.4,9,Transportation,498,3,10,46.1,1,446
BIZ0298,7834118.52,1.52,895554.89,421936.3,0.89,913759.2,16,Retail,56,3,1,53.1,0,783
BIZ0299,1502000.15,13.48,6647984.02,2688019.31,0.68,786831.26,14,Retail,391,12,5,87.16,0,726
BIZ0300,5471631.5,6.46,6425693.58,3611719.74,1.28,652853.3,5,Healthcare,40,5,8,73.83,0,633
BIZ0301,9193355.65,11.13,1600456.65,1051050.76,1.91,803598.28,18,Transportation,353,4,6,35.34,0,732
BIZ0302,9108360.92,6.26,7874763.19,1673932.29,0.27,241914.88,12,Hospitality,454,12,0,24.74,0,817
BIZ0303,6715779.25,3.89,3746457.98,2218796.35,1.45,129290.88,10,Education,169,6,1,80.59,0,769
BIZ0304,5299464.35,19.38,3574983.44,3172040.82,7.87,684524.0,19,Healthcare,118,5,10,60.77,0,639
BIZ0305,8878313.7,9.12,1632973.88,179767.59,0.12,581767.9,16,Food Services,443,4,5,52.19,0,703
BIZ0306,8957451.5,2.51,5959373.33,1489423.53,0.33,865268.2,18,Transportation,68,9,9,75.53,0,612
BIZ0307,7247306.59,6.97,3980876.03,3014755.31,3.12,486301.94,8,Hospitality,442,1,9,38.62,0,630
BIZ0308,8368367.9,7.37,1720588.11,1152125.1,2.03,834679.3,9,Manufacturing,102,5,4,18.05,0,740
BIZ0309,1848733.9,7.61,3822667.44,2672277.99,2.32,668590.21,11,Transportation,13,3,2,59.67,0,760
BIZ0310,8493751.75,9.95,7841197.53,4762066.77,1.55,169951.5,19,Hospitality,45,5,10,64.09,0,597
BIZ0311,7020108.37,2.32,1729098.92,1356633.39,3.64,265820.58,1,Retail,392,1,6,76.96,0,671
BIZ0312,6607378.15,14.19,4296176.12,1478952.36,0.52,252012.16,14,Real Estate,184,3,5,12.66,0,763
BIZ0313,6705046.51,18.83,7021154.07,5005042.47,2.48,799024.98,10,Transportation,407,10,9,63.2,0,658
BIZ0314,9118352.79,13.74,4659348.8,879645.8,0.23,474702.77,3,Manufacturing,89,1,9,46.83,0,666
BIZ0315,5693158.09,8.23,7823682.5,1475362.46,0.23,451421.01,2,Retail,149,2,10,13.36,0,623
BIZ0316,9221727.25,6.32,6923396.74,2310853.87,0.5,915231.65,14,Real Estate,320,8,6,70.32,0,674
BIZ0317,671062.28,19.29,5922699.54,2036229.29,0.52,837924.93,9,Food Services,396,9,1,32.52,0,833
BIZ0318,1569513.71,14.37,4509308.42,799173.8,0.22,279799.14,12,Hospitality,66,5,10,10.99,0,664
BIZ0319,3362019.98,12.37,2659007.34,903890.43,0.52,756033.54,19,Real Estate,279,10,0,13.85,1,663
BIZ0320,8596506.81,13.69,4908483.93,3994730.37,4.37,226063.67,8,Hospitality,316,1,0,16.32,0,850
BIZ0321,8048493.65,1.66,4829331.95,4328771.76,8.65,862911.29,7,Construction,494,2,2,51.72,0,764
BIZ0322,8398048.39,12.38,1273490.78,222970.19,0.21,914145.48,9,Construction,177,2,0,63.54,0,838
BIZ0323,8850299.55,11.86,4332592.27,1925152.4,0.8,351099.26,16,Hospitality,99,5,6,44.77,0,727
BIZ0324,6218272.59,17.96,3769688.11,2207799.5,1.41,649742.18,18,Food Services,266,18,10,57.34,0,641
BIZ0325,2755617.95,10.73,1192108.5,485914.23,0.69,513283.72,12,Retail,213,12,0,62.18,1,638
BIZ0326,6206185.13,15.13,4247622.05,2579509.62,1.55,117385.61,14,Manufacturing,245,2,5,30.35,0,754
BIZ0327,4988686.87,1.87,1464183.14,470663.79,0.47,972956.06,19,Hospitality,303,13,10,36.51,0,611
BIZ0328,2362928.27,12.6,2533192.44,672800.87,0.36,540744.0,14,Construction,68,7,0,10.44,0,850
BIZ0329,2581153.69,1.7,1220995.73,453097.5,0.59,812456.4,11,Technology,420,10,7,55.76,0,662
BIZ0330,3288143.82,18.7,3417314.31,579830.12,0.2,636213.19,12,Retail,233,2,3,19.11,0,800
BIZ0331,5320413.42,17.61,4150954.01,2747130.47,1.96,993176.0,14,Education,215,9,1,20.52,0,839
BIZ0332,4248472.72,9.01,3523760.17,2910938.82,4.75,728331.01,13,Construction,391,6,3,58.63,0,740
BIZ0333,8326008.65,19.15,6641106.95,672425.92,0.11,654581.3,11,Technology,49,9,10,14.09,0,662
BIZ0334,1065484.65,12.47,5618083.34,1076369.21,0.24,414646.94,4,Healthcare,271,2,5,46.5,0,746
BIZ0335,1649737.5,8.96,6108953.16,957921.31,0.19,126171.01,12,Technology,130,2,2,38.38,1,570
BIZ0336,6851440.14,13.89,3150591.93,1811365.51,1.35,59624.62,9,Food Services,98,3,10,60.89,1,439
BIZ0337,6319447.95,17.6,5902195.22,1159466.97,0.24,907330.64,3,Technology,497,3,7,15.32,0,722
BIZ0338,1850302.68,1.22,3607460.38,1212224.17,0.51,511700.47,15,Education,399,10,7,56.18,0,661
BIZ0339,1668531.3,11.61,3008071.88,2055532.2,2.16,669677.07,19,Education,175,11,2,77.65,0,791
BIZ0340,4584345.24,13.79,2492896.92,860176.07,0.53,799535.9,15,Retail,250,8,10,45.71,0,647
BIZ0341,8313012.55,17.29,7366427.79,3276499.98,0.8,352923.48,10,Construction,312,1,5,56.58,0,741
BIZ0342,6210204.58,14.41,5631878.14,2250736.79,0.67,208517.19,17,Retail,168,15,7,44.44,0,707
BIZ0343,8955921.83,7.57,1573894.08,189431.07,0.14,663531.27,2,Manufacturing,198,2,1,60.95,0,779
BIZ0344,1181262.94,8.78,2765252.96,1774453.18,1.79,625490.29,3,Education,314,3,6,39.17,0,690
BIZ0345,9886341.68,9.63,5630884.19,1196238.41,0.27,511310.21,15,Education,293,13,0,12.2,0,823
BIZ0346,9658165.37,8.3,696369.7,86882.31,0.14,418587.42,15,Education,343,4,5,22.8,0,718
BIZ0347,7684029.33,9.71,2598260.27,2130746.33,4.56,160332.01,20,Real Estate,266,5,0,86.47,0,786
BIZ0348,8939834.89,12.46,6682975.93,5929206.62,7.87,323985.17,15,Retail,425,15,5,86.89,0,726
BIZ0349,4162363.1,7.47,4514697.82,1008204.41,0.29,576025.91,3,Healthcare,340,1,0,53.34,0,803
BIZ0350,8419674.64,9.37,2697732.7,829466.26,0.44,234892.64,8,Real Estate,234,3,5,14.61,0,722
BIZ0351,3067353.08,19.36,4638587.08,1752558.54,0.61,601444.22,12,Construction,208,7,5,21.14,0,759
BIZ0352,6449226.05,10.29,3453518.88,3091171.23,8.53,886299.02,20,Manufacturing,414,11,1,59.87,0,820
BIZ0353,6396274.56,4.82,3403046.85,447730.8,0.15,501768.74,11,Retail,295,11,6,53.44,0,683
BIZ0354,9658274.05,18.28,5888288.59,3101416.38,1.11,876470.7,10,Construction,380,10,2,20.45,0,819
BIZ0355,1685797.73,16.09,2495833.52,2000841.01,4.04,946839.99,11,Retail,308,11,2,21.9,0,819
BIZ0356,9819380.09,10.18,6962961.17,3975747.9,1.33,406563.41,12,Construction,345,12,10,32.86,0,653
BIZ0357,7737082.82,8.34,4285693.51,2116534.24,0.98,598415.08,13,Technology,314,12,1,79.25,1,570
BIZ0358,4372049.98,16.72,6210411.24,3470521.64,1.27,958244.79,10,Healthcare,202,6,2,26.04,0,816
BIZ0359,8612638.69,9.34,6836963.29,5568516.29,4.39,109334.71,17,Retail,340,14,8,80.68,0,629
BIZ0360,5349108.65,12.91,7440507.81,857837.54,0.13,503001.29,12,Manufacturing,195,5,2,65.02,0,797
BIZ0361,7079058.1,3.55,2675406.47,1035308.52,0.63,814215.35,7,Transportation,495,7,7,32.3,0,673
BIZ0362,9595756.18,1.17,7983438.5,5121032.82,1.79,837045.83,7,Food Services,80,2,1,33.57,0,793
BIZ0363,7509760.43,16.85,6027618.6,1291599.5,0.27,765756.53,10,Retail,269,9,8,71.51,0,674
BIZ0364,7778101.36,17.07,5063391.27,865251.4,0.21,513246.42,2,Transportation,458,1,9,16.21,0,681
BIZ0365,4367511.65,2.25,3051036.06,576030.97,0.23,817823.45,13,Technology,93,3,9,85.82,0,607
BIZ0366,9573594.47,10.93,2676699.15,432259.24,0.19,525593.05,6,Real Estate,32,4,5,73.56,0,733
BIZ0367,977147.11,2.39,3461836.95,1163981.73,0.51,270765.11,8,Real Estate,322,5,7,32.48,0,673
BIZ0368,9327666.51,8.7,7286443.62,2602692.6,0.56,502615.14,8,Healthcare,132,5,7,28.08,0,675
BIZ0369,9800320.59,12.47,3119387.04,1928573.38,1.62,166774.64,7,Transportation,357,5,7,81.09,0,689
BIZ0370,4768822.55,12.13,5148357.36,810457.74,0.19,698486.36,15,Construction,408,7,8,29.35,0,695
BIZ0371,8314080.55,16.28,4599007.35,2373712.86,1.07,185732.16,17,Hospitality,92,7,9,72.03,0,653
BIZ0372,5218606.52,6.4,1417095.56,855424.29,1.52,101615.43,5,Construction,36,4,5,69.89,0,695
BIZ0373,501279.58,10.71,756074.5,242651.26,0.47,721627.66,18,Retail,374,17,1,15.02,0,842
BIZ0374,536289.27,5.69,6030870.83,2128994.62,0.55,146797.77,10,Retail,400,3,4,38.82,0,730
BIZ0375,8505763.07,6.95,6395886.79,5203039.29,4.36,462126.55,15,Healthcare,85,14,6,82.8,0,668
BIZ0376,9658744.96,2.7,5621346.43,2782854.48,0.98,418266.37,3,Food Services,428,2,5,60.62,0,699
BIZ0377,541451.06,4.17,5819149.98,3684152.33,1.73,967745.13,1,Hospitality,37,1,8,70.88,1,434
BIZ0378,7174134.76,6.66,1200773.41,871111.99,2.64,661941.76,12,Food Services,207,2,5,13.85,0,723
BIZ0379,9589598.25,10.51,3688741.43,1719542.54,0.87,248438.59,8,Manufacturing,173,2,10,39.5,0,650
BIZ0380,997372.69,15.58,3565433.68,2701685.66,3.13,857830.6,11,Technology,80,1,4,26.96,0,776
BIZ0381,4986677.14,17.72,2039629.16,1309952.97,1.8,627364.52,16,Technology,398,16,7,33.62,0,713
BIZ0382,6690577.72,15.03,2798767.81,1723666.17,1.6,425374.36,20,Manufacturing,473,3,0,67.06,0,836
BIZ0383,8957042.53,6.46,3195173.51,468008.44,0.17,155936.6,9,Food Services,437,3,8,51.27,0,644
BIZ0384,8437062.14,1.28,3281114.77,1213607.04,0.59,68361.25,20,Healthcare,226,4,4,19.95,0,740
BIZ0385,5182213.55,8.68,4435126.36,2555099.98,1.36,59427.63,8,Construction,72,1,3,47.13,1,546
BIZ0386,5430806.66,13.87,2770165.32,1992283.79,2.56,784275.41,14,Education,244,2,1,51.7,1,624
BIZ0387,1692727.04,1.32,6253202.41,4663165.8,2.93,164196.87,16,Education,284,1,10,31.25,0,614
BIZ0388,3286431.8,15.69,4336500.01,1641263.24,0.61,403152.33,17,Education,133,5,4,10.11,0,784
BIZ0389,6641358.05,19.51,6837662.29,812833.75,0.13,903632.57,14,Manufacturing,324,6,3,72.66,0,773
BIZ0390,4850959.71,8.56,2702159.54,412230.35,0.18,266823.6,19,Hospitality,105,3,8,29.73,0,655
BIZ0391,7600721.86,10.0,839617.82,727303.69,6.48,945588.1,12,Retail,498,9,8,72.82,1,433
BIZ0392,5672582.16,19.29,974598.31,382573.3,0.65,264112.2,17,Healthcare,293,1,6,25.67,0,737
BIZ0393,6412929.59,15.85,4795067.84,1043263.71,0.28,820567.58,16,Manufacturing,335,13,5,60.88,0,739
BIZ0394,6904237.81,5.94,3023460.78,2521532.05,5.02,325979.28,9,Manufacturing,192,2,5,47.6,0,706
BIZ0395,7223352.83,2.18,1519503.14,161482.57,0.12,649375.7,8,Retail,405,6,2,45.81,0,767
BIZ0396,9600374.15,11.06,2238389.04,1120275.34,1.0,695639.32,2,Transportation,289,2,10,16.1,0,661
BIZ0397,8166172.16,9.73,4553986.28,2032229.14,0.81,91704.95,6,Real Estate,366,4,10,23.26,0,618
BIZ0398,2487261.92,1.95,6811737.45,6028074.46,7.69,803485.73,6,Technology,42,6,7,78.3,0,650
BIZ0399,9625956.27,4.74,7630866.56,6836153.28,8.6,726136.67,2,Construction,113,1,3,88.49,0,725
BIZ0400,2965646.94,9.3,4911063.11,778232.84,0.19,641226.1,2,Transportation,487,2,8,88.49,0,625
BIZ0401,8029653.6,18.25,7572132.11,6573432.12,6.58,545386.66,13,Healthcare,252,5,0,88.18,0,825
BIZ0402,2035878.64,10.06,5859316.93,1745327.93,0.42,658584.42,7,Construction,192,7,0,63.33,0,838
BIZ0403,5868310.47,15.66,4191607.05,459745.91,0.12,58586.55,11,Construction,73,6,6,38.56,1,530
BIZ0404,2672429.41,13.05,2087776.62,746037.73,0.56,855639.99,13,Real Estate,468,7,5,68.31,0,735
BIZ0405,4572669.2,1.55,4054765.11,2554287.97,1.7,162577.49,6,Real Estate,364,4,5,33.11,0,713
BIZ0406,9235544.73,19.87,741325.87,525456.48,2.43,403137.86,17,Construction,420,3,6,41.4,0,729
BIZ0407,9225051.11,19.07,4786131.65,1845996.27,0.63,798171.63,3,Hospitality,318,1,8,30.08,0,694
BIZ0408,3906495.38,13.48,2227031.74,564050.03,0.34,922327.13,10,Transportation,62,2,5,18.14,0,760
BIZ0409,2598101.44,1.74,673743.02,161817.86,0.32,873431.84,10,Construction,238,10,6,32.6,1,493
BIZ0410,6025411.78,9.3,4808675.14,2468575.26,1.05,770837.44,6,Real Estate,189,4,0,32.6,0,813
BIZ0411,8993895.87,18.98,7183442.53,3128808.7,0.77,791347.23,12,Education,232,5,10,48.11,0,645
BIZ0412,2444461.04,12.23,1814632.82,662797.83,0.58,862278.69,2,Retail,353,2,5,26.57,0,756
BIZ0413,1155572.13,18.87,4252595.33,1818110.62,0.75,820334.65,17,Technology,497,1,2,76.87,0,791
BIZ0414,7089371.55,15.65,5375345.22,1189435.21,0.28,882088.93,20,Real Estate,27,5,1,53.13,0,823
BIZ0415,4539667.76,1.71,1371787.69,977312.86,2.48,50011.05,8,Transportation,195,7,9,43.33,0,628
BIZ0416,1019026.99,19.49,2118552.52,727424.02,0.52,338745.39,2,Education,88,2,5,28.43,0,755
BIZ0417,7428775.54,19.37,2104630.47,1326838.51,1.71,754801.51,12,Real Estate,400,2,9,77.87,0,651
BIZ0418,3377843.6,7.18,5815922.13,4381852.83,3.06,222533.27,5,Healthcare,197,4,5,39.68,1,510
BIZ0419,8163588.44,19.71,6132286.77,2542177.26,0.71,611105.94,9,Food Services,68,1,2,62.88,0,798
BIZ0420,5672721.11,14.48,1671641.91,1211113.55,2.63,604584.14,16,Healthcare,208,4,4,86.18,0,746
BIZ0421,3020598.31,12.43,2653855.33,1782168.23,2.04,771055.02,9,Real Estate,119,5,7,18.2,0,720
BIZ0422,5334460.28,8.02,7490228.96,5707592.34,3.2,712348.91,7,Retail,79,7,1,67.15,0,776
BIZ0423,9249447.95,14.2,5940256.07,4688957.3,3.75,310368.01,15,Technology,470,12,7,74.57,0,692
BIZ0424,3780748.55,7.38,7836793.56,6153683.68,3.66,716111.37,3,Transportation,351,2,1,68.16,0,775
BIZ0425,9497361.34,10.43,3291934.6,758554.79,0.3,796895.37,18,Healthcare,158,10,2,68.76,0,795
BIZ0426,739337.43,16.94,486776.67,322713.38,1.97,971744.25,6,Transportation,270,2,1,45.01,0,827
BIZ0427,7196274.6,16.53,4552870.4,3977516.06,6.91,99085.29,7,Technology,131,7,7,50.38,0,704
BIZ0428,8695084.48,4.41,6480026.46,3513247.83,1.18,426726.0,1,Transportation,293,1,7,20.54,0,679
BIZ0429,1994095.48,6.89,2604346.04,2076005.56,3.93,689067.84,18,Technology,323,3,1,73.73,0,773
BIZ0430,6436303.95,11.86,6729510.86,5550969.26,4.71,61548.93,10,Hospitality,377,8,8,63.92,0,678
BIZ0431,5714157.32,6.47,2731502.16,1044435.75,0.62,640227.83,14,Hospitality,431,10,1,36.72,0,791
BIZ0432,4343010.16,2.3,6356574.8,2088812.81,0.49,461128.54,5,Transportation,338,1,7,64.84,0,657
BIZ0433,1037563.73,8.1,7577809.23,4648133.59,1.59,687905.19,15,Healthcare,186,3,8,60.58,0,639
BIZ0434,4474171.71,15.27,1170434.02,377210.08,0.48,312503.15,19,Technology,403,5,6,44.56,1,527
BIZ0435,1141274.19,10.86,1763171.58,1545492.6,7.1,157638.33,17,Manufacturing,435,4,8,42.29,0,688
BIZ0436,7193267.07,9.03,3033583.68,1268310.71,0.72,301062.45,5,Construction,94,2,5,26.43,0,716
BIZ0437,3051070.68,6.46,5391346.08,4716510.57,6.99,623455.34,8,Transportation,495,5,1,16.16,0,801
BIZ0438,9538520.6,6.65,1099709.09,636990.73,1.38,642466.34,9,Food Services,335,9,4,61.88,0,719
BIZ0439,643551.5,19.34,2306787.15,1478237.72,1.78,721298.38,5,Construction,324,5,1,58.8,0,820
BIZ0440,3075414.41,12.36,6982326.82,5986556.13,6.01,150610.51,17,Technology,313,5,2,22.39,1,618
BIZ0441,7497084.67,17.78,1940008.02,1105937.84,1.33,716082.61,20,Education,182,19,0,64.41,0,837
BIZ0442,646251.47,12.08,2323571.7,1069315.59,0.85,959701.96,1,Retail,33,1,10,41.92,0,649
BIZ0443,2291135.75,13.78,7825252.85,1420396.71,0.22,57903.95,7,Education,223,5,10,44.69,0,647
BIZ0444,7609651.32,18.38,3698559.39,1135344.24,0.44,462683.15,1,Real Estate,465,1,10,67.88,0,636
BIZ0445,6099812.9,12.65,5246430.68,1540444.72,0.42,728350.09,10,Real Estate,135,7,4,17.31,0,781
BIZ0446,8835965.44,15.04,504466.21,150684.57,0.43,253686.16,15,Retail,362,1,2,31.66,0,814
BIZ0447,1093999.81,9.72,5968774.41,3494033.27,1.41,689228.09,15,Hospitality,257,8,3,16.49,1,561
BIZ0448,8465672.42,16.3,6654676.92,5630977.37,5.5,567041.27,11,Education,83,6,5,26.02,0,756
BIZ0449,7557374.19,15.02,4363012.58,675250.26,0.18,402557.29,12,Hospitality,76,6,8,83.66,0,668
BIZ0450,5614153.46,6.11,3200211.79,2612258.87,4.44,683139.9,18,Retail,173,8,7,72.99,0,653
BIZ0451,6487348.58,5.72,5761502.31,2547051.09,0.79,470418.24,4,Construction,240,2,2,61.95,1,559
BIZ0452,1108060.29,16.67,2622111.64,1193416.26,0.84,70817.66,4,Manufacturing,158,4,9,34.08,0,672
BIZ0453,1033672.73,10.33,7446040.78,1372413.84,0.23,776218.69,14,Food Services,453,3,5,42.77,0,748
BIZ0454,2972247.68,4.03,1619515.87,253281.85,0.19,226364.37,19,Transportation,107,6,7,63.14,0,658
BIZ0455,8234194.01,14.02,1239282.16,410636.09,0.5,344316.53,17,Real Estate,265,10,7,30.0,0,715
BIZ0456,5587761.24,7.78,3088797.61,2356272.2,3.22,799828.21,1,Retail,493,1,8,34.62,1,452
BIZ0457,9551742.66,7.21,3093629.61,1560758.79,1.02,944064.77,15,Food Services,120,10,5,80.11,0,689
BIZ0458,4230942.06,11.51,4223806.79,1077452.79,0.34,865875.93,2,Manufacturing,154,2,9,64.16,0,657
BIZ0459,8658260.65,15.22,3738000.57,2199579.35,1.43,202347.14,16,Construction,284,1,1,63.89,0,818
BIZ0460,7092521.11,5.36,1293389.88,300360.82,0.3,51892.53,14,Technology,461,5,5,67.5,0,696
BIZ0461,5391866.82,4.07,1035012.97,119340.28,0.13,207460.77,13,Transportation,33,7,0,81.27,0,789
BIZ0462,3865577.61,3.0,2089945.92,1077115.61,1.06,627365.05,19,Healthcare,109,12,8,29.63,0,655
BIZ0463,4214812.26,5.45,2068609.82,1795326.28,6.57,635485.46,10,Retail,207,9,7,54.55,0,662
BIZ0464,4574971.17,11.28,5692866.53,3767065.86,1.96,213109.21,18,Construction,432,4,2,50.01,0,804
BIZ0465,8770006.18,13.0,4447030.9,855233.92,0.24,625355.99,4,Hospitality,201,3,8,19.38,0,700
BIZ0466,1856998.67,14.15,1967516.07,813543.3,0.7,900891.04,12,Technology,111,10,8,26.35,0,696
BIZ0467,4483080.78,1.34,6424961.66,997390.01,0.18,500542.27,13,Healthcare,30,1,0,54.85,0,802
BIZ0468,7042000.48,5.81,475838.7,322977.86,2.11,558873.77,5,Transportation,421,4,8,76.89,0,631
BIZ0469,8511598.59,10.22,2935575.81,2152500.87,2.75,478729.41,15,Technology,320,15,8,24.68,0,697
BIZ0470,8884318.83,9.86,975317.93,400134.78,0.7,813360.78,5,Transportation,486,5,5,82.14,0,688
BIZ0471,1136249.31,17.67,3359477.54,1791974.79,1.14,969662.52,6,Hospitality,325,6,4,15.33,0,782
BIZ0472,1204001.51,8.13,6508990.54,2908072.38,0.81,997323.24,19,Transportation,269,17,8,54.72,0,642
BIZ0473,2591057.6,7.66,3231252.88,500750.3,0.18,401095.49,16,Education,163,16,0,47.14,0,806
BIZ0474,6738930.1,14.47,463563.98,127078.61,0.38,678600.07,12,Transportation,354,2,6,48.72,0,725
BIZ0475,8142699.1,15.68,4567985.64,699681.38,0.18,778189.3,19,Construction,417,1,9,56.7,0,661
BIZ0476,7641596.43,16.26,4336861.3,920540.51,0.27,687599.6,16,Construction,345,8,0,59.64,0,840
BIZ0477,2113869.56,4.7,7167112.33,5016851.33,2.33,912817.06,19,Real Estate,97,17,10,70.7,0,594
BIZ0478,6714261.0,17.89,4798931.33,2907735.16,1.54,198652.88,20,Hospitality,85,8,0,47.91,0,846
BIZ0479,3073955.63,4.84,2785083.74,816587.95,0.41,254167.01,19,Retail,107,1,7,43.99,1,468
BIZ0480,5317066.64,4.57,984984.69,647060.98,1.91,413658.83,11,Hospitality,87,7,3,75.75,0,732
BIZ0481,8064293.78,6.17,5661927.81,1762272.7,0.45,942115.06,14,Healthcare,406,10,7,60.91,0,659
BIZ0482,3060362.69,4.63,5679271.29,1561643.37,0.38,615538.1,2,Technology,275,1,8,31.17,0,654
BIZ0483,8241927.42,15.78,6182470.12,1546717.54,0.33,133965.7,11,Real Estate,279,7,5,65.92,0,737
BIZ0484,4607289.15,1.59,2372781.01,301203.49,0.15,885226.48,6,Real Estate,477,5,5,29.47,0,715
BIZ0485,870303.55,13.67,2855007.83,2336353.83,4.5,893712.28,18,Transportation,356,9,9,36.02,1,471
BIZ0486,9963497.9,16.68,6821022.24,2040897.53,0.43,597867.28,16,Food Services,500,8,4,15.38,0,782
BIZ0487,9989479.81,7.21,6086197.73,4536238.18,2.93,865122.11,18,Construction,125,10,4,89.81,0,705
BIZ0488,883332.86,8.81,1388613.09,163774.02,0.13,392405.49,7,Real Estate,172,4,5,72.7,0,693
BIZ0489,3471390.9,13.43,2163338.17,241223.36,0.13,776135.72,18,Construction,157,4,9,59.9,0,660
BIZ0490,869911.16,16.91,5108399.12,2813278.56,1.23,643383.35,18,Hospitality,468,13,5,79.15,0,730
BIZ0491,6019028.61,19.82,6151149.27,2791607.1,0.83,722027.15,5,Construction,31,3,1,41.14,0,829
BIZ0492,6170092.83,18.64,7461460.35,2787036.18,0.6,551293.59,12,Real Estate,345,5,7,26.93,1,516
BIZ0493,9820620.12,13.34,6513546.85,4377625.41,2.05,613500.31,7,Food Services,433,5,4,14.27,0,782
BIZ0494,6910469.87,13.87,3235731.9,2761223.43,5.82,208989.18,18,Construction,80,4,9,50.03,0,664
BIZ0495,7122790.16,13.32,2492190.42,560656.25,0.29,654143.31,19,Food Services,134,2,10,57.94,0,641
BIZ0496,7198821.88,9.65,5474980.5,4215152.8,3.35,211242.01,17,Food Services,336,8,0,11.53,0,824
BIZ0497,6292125.54,14.29,6769977.81,5025007.55,2.88,962874.14,4,Hospitality,179,4,1,52.87,0,823
BIZ0498,4317928.4,3.92,4751814.97,1528231.3,0.47,925242.14,5,Manufacturing,291,2,6,56.66,0,681
BIZ0499,3871784.28,1.99,641252.62,281297.08,0.78,130337.11,16,Real Estate,343,7,4,58.55,0,720
BIZ0500,8887690.76,13.52,2005361.92,1585032.98,3.77,891788.76,11,Construction,340,1,1,25.73,0,837
BIZ0501,3221935.71,16.25,7979008.04,989562.99,0.14,902497.57,19,Food Services,283,2,2,59.81,1,600
BIZ0502,4917590.42,17.1,874194.92,321898.89,0.58,113665.71,14,Technology,488,1,6,88.03,0,705
BIZ0503,8599200.5,18.82,1046786.49,427589.33,0.69,117483.14,16,Technology,489,10,0,26.86,0,850
BIZ0504,4956518.5,6.1,1167433.61,273171.14,0.31,189911.79,1,Construction,300,1,5,87.85,0,686
BIZ0505,9693733.92,9.36,2515600.46,1858109.43,2.83,359941.22,10,Real Estate,338,9,8,33.95,0,653
BIZ0506,1731950.29,5.87,3100430.09,1981780.55,1.77,109436.6,16,Technology,445,15,4,26.84,0,736
BIZ0507,1895758.27,7.51,6971407.81,1561178.8,0.29,128599.99,7,Retail,179,2,7,48.76,0,665
BIZ0508,5852379.46,16.27,1442328.51,814279.93,1.3,530233.32,9,Technology,17,6,4,21.53,0,779
BIZ0509,3099583.97,10.27,1025269.66,479485.04,0.88,341140.29,19,Food Services,99,13,6,75.79,0,712
BIZ0510,4476769.11,9.71,5910046.18,3306257.49,1.27,683851.72,17,Transportation,54,13,10,72.16,0,593
BIZ0511,3481817.22,11.22,6784821.4,6049081.51,8.22,895043.35,4,Technology,81,4,5,39.72,0,750
BIZ0512,5149229.11,15.09,4143524.94,2016010.06,0.95,846318.9,8,Manufacturing,143,7,3,38.91,0,790
BIZ0513,4364645.61,7.24,3850323.33,2733566.18,2.45,169701.93,15,Construction,498,6,4,25.71,1,537
BIZ0514,2167170.46,11.79,4802789.95,2361529.75,0.97,662507.99,19,Education,15,9,10,28.39,0,655
BIZ0515,4035645.92,13.57,1473298.93,820188.36,1.26,226006.84,12,Food Services,41,11,1,32.29,0,833
BIZ0516,2236958.91,16.69,2571377.51,2164325.94,5.32,971430.2,15,Construction,91,7,10,55.7,0,642
BIZ0517,4058208.31,16.16,3192169.54,541435.92,0.2,578945.67,17,Construction,363,4,10,77.61,0,631
BIZ0518,2163669.83,13.78,2075832.4,569953.06,0.38,880368.18,10,Transportation,324,4,3,29.97,0,795
BIZ0519,506207.21,17.54,6423720.58,3866200.69,1.51,762752.48,5,Real Estate,88,4,9,22.16,0,678
BIZ0520,3836584.18,2.78,4094591.69,3425501.51,5.12,88056.16,12,Hospitality,369,9,7,33.32,0,673
BIZ0521,2762393.21,18.26,3957324.81,1871971.07,0.9,772546.86,18,Food Services,400,8,10,22.36,0,658
BIZ0522,4584859.53,12.34,7996638.54,5722067.6,2.52,427972.42,20,Retail,279,15,8,76.2,0,671
BIZ0523,789405.02,4.88,2987127.83,1518848.78,1.03,634372.68,12,Retail,479,10,1,82.85,0,768
BIZ0524,5262118.62,1.95,665327.8,359894.42,1.18,466269.68,2,Healthcare,472,1,9,77.13,0,611
BIZ0525,737230.79,9.53,2204837.03,307996.99,0.16,738368.37,18,Technology,94,11,8,18.93,0,660
BIZ0526,3169972.63,4.3,3286111.57,2435523.35,2.86,422488.9,15,Retail,358,4,9,70.06,0,614
BIZ0527,7841328.49,5.5,5548187.79,3066068.63,1.24,932687.48,16,Retail,470,15,0,40.99,0,809
BIZ0528,681977.11,16.71,4387990.85,3160210.13,2.57,272704.32,15,Technology,272,7,7,37.61,0,711
BIZ0529,9634177.08,13.69,7492358.67,2340591.32,0.45,630890.43,19,Manufacturing,296,15,10,64.28,0,637
BIZ0530,8557037.73,19.0,7124898.89,4925111.87,2.24,313591.45,10,Manufacturing,212,5,0,32.53,1,653
BIZ0531,597702.71,14.6,5767470.84,3449822.1,1.49,990603.4,7,Education,47,1,6,34.95,0,732
BIZ0532,1249924.33,9.41,2383968.8,893295.43,0.6,842843.2,12,Retail,287,1,1,84.84,0,767
BIZ0533,4038834.85,18.64,869744.3,151238.46,0.21,204651.44,16,Manufacturing,156,14,2,57.62,0,801
BIZ0534,9696725.62,9.49,4211536.5,1252203.06,0.42,497412.24,5,Hospitality,201,4,7,62.95,0,658
BIZ0535,7661746.79,11.98,7273134.29,5483407.06,3.06,769195.71,13,Hospitality,51,11,10,14.45,0,662
BIZ0536,2518249.13,13.61,3525100.92,1487328.23,0.73,890357.54,18,Technology,344,12,1,81.65,1,609
BIZ0537,3481841.73,14.13,2464412.18,622234.17,0.34,225400.83,6,Healthcare,211,5,2,37.37,0,811
BIZ0538,8394017.13,3.28,5985436.44,3143335.33,1.11,323548.08,8,Manufacturing,397,1,4,49.43,0,725
BIZ0539,6162778.57,9.24,1649482.02,318789.55,0.24,569360.9,15,Healthcare,227,9,6,82.19,0,668
BIZ0540,7463501.02,13.51,7479817.35,5660612.18,3.11,588275.0,8,Food Services,245,6,2,62.56,0,798
BIZ0541,4295428.45,7.21,482164.24,367043.12,3.19,810931.67,9,Food Services,489,2,0,18.36,0,820
BIZ0542,4907826.13,3.26,7852318.53,2133920.25,0.37,113872.47,14,Education,402,1,3,57.59,0,741
BIZ0543,808212.74,13.52,4445418.26,811786.75,0.22,213897.68,7,Retail,61,5,0,55.44,0,842
BIZ0544,9413999.42,16.56,7875110.77,2423460.37,0.44,971237.45,15,Education,354,12,0,44.5,0,847
BIZ0545,978320.51,2.0,5659285.55,2639169.31,0.87,265195.54,8,Manufacturing,215,8,3,59.12,0,740
BIZ0546,5987501.67,7.82,6658996.92,5037910.26,3.11,503482.88,18,Food Services,396,2,2,38.07,0,770
BIZ0547,8154287.99,7.24,1988851.24,333631.14,0.2,493358.46,17,Construction,129,11,9,48.57,0,625
BIZ0548,2601767.62,8.24,6543883.62,4966146.01,3.15,415380.52,20,Transportation,131,10,2,46.73,0,766
BIZ0549,9359271.34,3.25,7496495.61,4850931.04,1.83,554993.55,17,Food Services,221,10,4,12.61,0,743
BIZ0550,4373607.0,4.06,5388712.99,4725474.11,7.12,584079.37,2,Healthcare,495,1,10,67.18,0,596
BIZ0551,4467836.46,3.21,5057248.35,4302634.71,5.7,678688.85,14,Healthcare,263,1,5,16.14,0,721
BIZ0552,5731302.1,8.66,6735694.48,5063469.44,3.03,631239.47,13,Healthcare,173,12,6,39.88,0,690
BIZ0553,1505806.02,7.74,3540111.13,2268001.72,1.78,675251.83,14,Technology,163,7,2,15.61,0,782
BIZ0554,2226899.24,3.98,6687496.34,892995.92,0.15,448223.73,18,Real Estate,133,8,4,23.46,0,738
BIZ0555,5791884.88,5.4,4218447.38,2890434.11,2.18,960212.11,5,Real Estate,478,1,8,27.64,0,656
BIZ0556,9375889.08,18.41,5229149.11,3157655.8,1.52,433050.1,14,Hospitality,295,9,2,70.19,0,794
BIZ0557,6935661.68,9.14,5959373.13,4526604.04,3.16,189114.44,13,Food Services,140,4,5,76.63,0,691
BIZ0558,8524326.14,9.19,3280707.69,2729708.19,4.95,288610.8,3,Real Estate,443,2,1,77.54,0,771
BIZ0559,5383906.7,6.86,4755120.72,1712646.87,0.56,87305.94,18,Food Services,36,9,6,31.76,0,694
BIZ0560,9794370.48,19.35,3403180.26,2323339.88,2.15,378515.79,20,Education,30,3,3,63.69,0,778
BIZ0561,9494184.32,8.6,6353064.67,1986874.98,0.46,990815.69,19,Healthcare,121,16,3,12.06,0,763
BIZ0562,6765306.83,14.07,1314945.6,1118787.05,5.7,222124.12,11,Construction,499,1,3,59.82,0,780
BIZ0563,3418555.96,11.38,3570669.98,814757.19,0.3,212389.58,7,Retail,392,7,7,43.45,0,708
BIZ0564,9030664.15,2.6,3387589.7,610431.64,0.22,65762.86,8,Education,370,4,6,62.94,0,678
BIZ0565,2048681.58,5.44,580178.93,445552.91,3.31,975956.07,8,Healthcare,174,5,6,20.84,0,699
BIZ0566,8749890.48,18.6,3589168.11,504270.86,0.16,87422.24,15,Healthcare,342,6,4,55.92,0,762
BIZ0567,772198.06,12.08,485899.28,354656.7,2.7,341111.18,9,Transportation,272,8,7,13.22,0,723
BIZ0568,4278001.94,19.5,4535909.84,1452359.07,0.47,723966.92,4,Real Estate,399,3,3,31.72,1,594
BIZ0569,4059858.72,11.45,784355.59,345820.02,0.79,840745.36,12,Transportation,221,1,9,74.45,0,652
BIZ0570,2647751.17,16.53,7471027.99,1317058.09,0.21,477555.71,8,Technology,18,5,8,37.0,0,691
BIZ0571,1293486.69,5.01,6118759.37,862959.71,0.16,517908.61,19,Education,378,14,4,45.37,0,727
BIZ0572,4248437.0,11.07,1626391.92,906870.77,1.26,815160.71,5,Food Services,178,2,6,70.81,0,714
BIZ0573,1917869.96,6.1,3144167.92,1341819.14,0.74,695712.36,19,Food Services,265,18,10,14.53,0,622
BIZ0574,4223150.35,14.25,1870108.61,1146757.3,1.59,296836.73,11,Construction,400,8,10,80.89,0,629
BIZ0575,3324228.44,5.37,3525910.19,1031065.23,0.41,688764.65,16,Real Estate,96,12,2,76.09,0,751
BIZ0576,8331329.25,8.54,1588008.98,1096299.08,2.23,392450.78,5,Healthcare,260,2,8,63.7,0,638
BIZ0577,1271681.53,19.86,1587131.46,1413716.39,8.15,978415.94,2,Healthcare,27,1,10,73.51,0,633
BIZ0578,5989166.98,17.46,2599740.36,1232653.81,0.9,638420.47,2,Manufacturing,221,1,10,42.9,0,648
BIZ0579,3637704.34,11.72,6864366.41,1793128.34,0.35,937711.39,8,Retail,372,3,0,65.13,0,837
BIZ0580,5783811.58,15.81,523123.02,394803.21,3.08,88131.92,7,Healthcare,243,3,0,81.19,1,629
BIZ0581,3293640.89,5.0,6216761.57,1880079.7,0.43,872284.26,20,Education,477,16,10,18.23,0,620
BIZ0582,9801939.77,13.8,6836342.91,2457415.76,0.56,692659.56,16,Manufacturing,13,14,0,57.54,0,841
BIZ0583,6984058.37,11.93,3660874.01,1174181.98,0.47,780152.26,1,Healthcare,379,1,8,28.1,0,695
BIZ0584,2716661.82,12.88,6077794.83,1671218.0,0.38,106946.14,10,Manufacturing,267,7,2,20.48,0,819
BIZ0585,8569740.86,1.85,5979549.57,2230700.37,0.6,504601.95,4,Retail,278,2,3,84.31,0,727
BIZ0586,4920700.87,1.26,1020150.27,313056.85,0.44,76459.63,7,Education,279,3,5,60.51,0,699
BIZ0587,5707379.43,4.32,2649083.42,1671729.47,1.71,967037.59,9,Hospitality,50,6,6,14.03,0,702
BIZ0588,5980371.41,11.71,4202116.87,653493.33,0.18,135383.01,15,Education,134,12,3,58.07,0,780
BIZ0589,9214046.63,8.73,1488939.09,1000232.16,2.05,328685.75,10,Retail,344,1,1,52.04,0,783
BIZ0590,9052509.06,16.05,5540344.12,3566355.78,1.81,948628.41,13,Hospitality,203,9,7,33.67,0,713
BIZ0591,3083568.31,5.14,5429942.85,3295808.5,1.54,613788.31,2,Manufacturing,369,1,1,11.3,0,804
BIZ0592,3573538.92,13.64,4629996.06,1732473.87,0.6,177847.45,16,Hospitality,340,11,9,17.55,0,681
BIZ0593,9224776.65,13.35,1186099.27,500085.28,0.73,742492.24,4,Healthcare,480,1,3,72.39,0,773
BIZ0594,500291.83,14.53,3110130.94,944189.3,0.44,62252.6,7,Education,253,3,0,53.22,0,843
BIZ0595,9597500.64,11.75,4309906.09,724258.64,0.2,571429.16,3,Construction,470,3,9,40.4,0,669
BIZ0596,4192900.3,5.57,1121736.09,394777.92,0.54,141812.59,2,Technology,485,2,0,24.15,1,617
BIZ0597,4718983.79,11.11,7039500.82,6310596.56,8.66,603578.73,7,Education,83,7,6,75.0,0,712
BIZ0598,3404567.6,8.65,5511055.2,3558782.37,1.82,349477.46,3,Construction,93,3,3,20.66,0,759
BIZ0599,1719095.69,11.99,5670008.17,3744979.14,1.95,765798.51,19,Hospitality,356,18,5,79.83,0,730
BIZ0600,7437367.3,12.76,1818463.54,219218.9,0.14,320314.32,13,Technology,414,12,1,45.44,0,827
BIZ0601,8574613.64,4.73,1354178.4,1179196.83,6.74,152642.33,17,Transportation,37,4,6,48.28,0,685
BIZ0602,5643057.0,2.63,833404.55,153668.75,0.23,606308.3,8,Retail,184,7,5,53.55,0,703
BIZ0603,6558854.35,16.58,716000.09,356928.88,0.99,704844.89,1,Construction,411,1,7,30.18,0,714
BIZ0604,6329560.08,18.06,6555425.59,3713675.97,1.31,743710.63,8,Transportation,293,7,6,39.19,0,730
BIZ0605,4928725.12,4.61,5733210.88,3125584.38,1.2,390690.5,6,Education,348,4,1,82.91,0,768
BIZ0606,3499844.94,2.08,6225607.6,4119397.16,1.96,364784.61,20,Construction,418,8,1,64.05,0,777
BIZ0607,7684411.02,9.63,3533325.93,2995496.95,5.57,288335.14,3,Construction,88,2,10,19.64,0,620
BIZ0608,9708557.22,8.18,871479.4,323705.98,0.59,530635.07,5,Hospitality,172,3,1,22.95,0,798
BIZ0609,9978619.2,9.58,3095937.03,1302037.6,0.73,159388.87,3,Manufacturing,492,2,7,80.66,0,649
BIZ0610,4179106.91,13.53,3759454.0,2325548.53,1.62,108373.98,12,Construction,62,3,1,75.1,1,612
BIZ0611,6663271.17,19.14,1550885.59,747422.87,0.93,621716.4,6,Hospitality,239,5,8,56.54,0,681
BIZ0612,3711801.89,3.41,3377242.62,777200.29,0.3,747647.39,17,Hospitality,62,1,1,26.71,0,796
BIZ0613,5747478.31,12.31,7026539.27,3946001.09,1.28,378206.81,12,Healthcare,57,10,9,74.24,0,652
BIZ0614,1253162.7,11.75,7300940.95,3044858.16,0.72,331509.51,11,Hospitality,16,5,6,21.48,0,739
BIZ0615,4611329.1,12.32,1012677.08,862451.37,5.74,767376.94,13,Retail,381,9,3,56.93,0,781
BIZ0616,1261774.19,10.06,5188707.76,3958580.99,3.22,794296.08,19,Healthcare,96,13,2,32.17,1,613
BIZ0617,1681285.49,17.63,7779145.9,1880397.07,0.32,735962.76,5,Construction,164,3,7,13.22,0,723
BIZ0618,5404691.34,12.03,7513123.09,4791874.04,1.76,507214.05,5,Retail,95,4,4,74.77,1,552
BIZ0619,709628.41,19.67,1054604.26,792545.04,3.02,316318.01,14,Construction,257,13,1,20.57,0,839
BIZ0620,6617587.5,8.24,814697.1,472173.11,1.38,907283.11,12,Construction,493,4,10,40.66,0,609
BIZ0621,4704484.79,1.92,6635705.64,5050254.07,3.19,608600.44,16,Education,325,7,7,38.25,0,670
BIZ0622,5769526.74,16.69,5199086.82,3782462.41,2.67,618634.84,4,Technology,165,1,6,43.13,1,528
BIZ0623,5640581.34,12.5,2075706.06,1246504.31,1.5,593027.27,11,Education,204,6,7,24.79,0,717
BIZ0624,6241413.54,15.51,4377850.42,1232006.35,0.39,683195.88,11,Hospitality,427,11,9,16.41,0,681
BIZ0625,2051984.2,4.5,1937434.01,793118.92,0.69,98592.7,5,Construction,174,5,3,41.82,0,749
BIZ0626,5091295.71,8.27,6777514.22,1465714.4,0.28,530411.91,16,Transportation,100,13,5,14.96,0,722
BIZ0627,5951725.57,11.75,7073054.7,3864002.29,1.2,961801.47,10,Real Estate,304,4,5,13.9,0,763
BIZ0628,918625.68,4.52,4513652.84,2782476.25,1.61,93305.9,13,Construction,428,13,6,85.68,0,667
BIZ0629,3317818.58,2.47,1691141.76,340858.98,0.25,167119.59,12,Retail,487,10,3,51.48,0,744
BIZ0630,3902327.31,19.8,5600788.29,4812110.67,6.1,185428.73,19,Healthcare,102,18,0,40.57,0,849
BIZ0631,1229201.59,1.08,5495300.94,3371123.21,1.59,440249.37,15,Food Services,234,13,4,49.17,0,725
BIZ0632,728047.93,7.37,1745825.14,312047.65,0.22,958884.41,3,Hospitality,354,2,2,57.95,0,761
BIZ0633,3495955.56,8.47,2200622.35,390770.09,0.22,220080.06,10,Food Services,139,3,6,73.8,0,673
BIZ0634,5695824.32,10.03,7410500.56,1172251.95,0.19,316570.77,13,Retail,239,10,7,38.0,0,711
BIZ0635,9928888.89,5.57,7044735.74,5385687.85,3.25,263424.53,19,Hospitality,283,17,6,41.95,0,689
BIZ0636,9793096.35,4.44,6473600.58,2378104.18,0.58,744326.83,18,Manufacturing,414,12,8,43.6,0,648
BIZ0637,8409811.85,16.28,6984816.19,1031614.47,0.17,707448.03,20,Retail,65,8,10,21.2,0,659
BIZ0638,5711589.94,8.65,4349048.74,3902058.06,8.73,178456.45,12,Technology,341,10,0,64.04,0,797
BIZ0639,1763593.09,4.02,7614475.61,6119610.88,4.09,911689.86,19,Hospitality,395,11,6,89.32,0,665
BIZ0640,3876673.7,13.72,4076899.3,1772275.53,0.77,389920.69,4,Manufacturing,60,3,3,57.5,0,781
BIZ0641,2033849.42,9.96,4606385.5,2562207.74,1.25,249601.83,17,Healthcare,295,8,7,69.38,0,655
BIZ0642,3870902.63,15.82,4685586.2,1447517.89,0.45,710205.46,12,Hospitality,247,11,9,55.39,0,662
BIZ0643,7482739.27,12.59,4110150.33,848933.88,0.26,298266.37,17,Technology,186,1,7,43.53,0,708
BIZ0644,5380224.62,6.48,449129.12,223213.3,0.99,321344.69,4,Construction,222,1,1,68.77,0,775
BIZ0645,6055864.21,18.89,1725510.43,823619.94,0.91,136850.89,5,Transportation,169,3,7,60.05,0,699
BIZ0646,4369972.48,10.91,7213967.4,1854245.3,0.35,71436.29,7,Healthcare,257,3,7,78.93,0,690
BIZ0647,8961255.33,12.34,6557224.28,2909694.12,0.8,762366.93,4,Real Estate,379,4,5,83.04,0,728
BIZ0648,2217458.93,6.11,1909698.78,568107.93,0.42,341094.68,3,Construction,32,3,1,54.41,0,782
BIZ0649,4551747.6,12.69,1019969.43,173630.0,0.21,213237.99,1,Transportation,341,1,10,51.45,0,644
BIZ0650,3191201.83,8.61,6570182.54,729879.66,0.12,666909.88,6,Food Services,274,2,8,63.51,0,638
BIZ0651,9361152.92,1.38,1568756.16,1269024.96,4.23,485592.63,6,Transportation,296,4,7,55.17,0,662
BIZ0652,6951132.74,18.7,7976815.57,5393332.15,2.09,322860.15,8,Hospitality,332,3,2,80.38,0,789
BIZ0653,2695268.1,18.05,2347055.51,649009.78,0.38,181219.03,14,Hospitality,24,12,9,78.73,0,650
BIZ0654,6911485.43,5.54,6161107.2,4362091.23,2.42,346968.12,7,Real Estate,313,4,6,42.85,0,688
BIZ0655,9777329.72,13.27,7502533.49,2571181.51,0.52,792796.37,1,Food Services,115,1,1,71.27,0,814
BIZ0656,9673570.27,8.48,1393451.66,888140.23,1.76,742844.31,19,Retail,419,18,2,56.0,0,762
BIZ0657,5292331.45,6.93,3648745.61,2248265.32,1.61,757954.01,12,Transportation,110,8,1,28.58,0,795
BIZ0658,3057034.92,4.77,6353742.87,5257100.55,4.79,401720.58,9,Real Estate,280,6,9,70.1,0,614
BIZ0659,8538180.0,4.47,7667818.3,3077411.03,0.67,372278.63,13,Education,210,10,1,14.99,0,802
BIZ0660,1535629.35,5.72,2808763.93,2098318.16,2.95,881714.22,12,Transportation,442,8,9,34.2,0,632
BIZ0661,8643693.91,15.53,1514882.87,988094.89,1.88,947772.86,6,Construction,480,5,9,64.6,0,657
BIZ0662,5255503.52,13.27,4280335.11,838784.54,0.24,346460.84,3,Technology,170,1,3,74.19,0,772
BIZ0663,1804350.31,19.1,2899051.9,1825970.71,1.7,764233.89,10,Retail,103,6,2,74.96,1,592
BIZ0664,3472735.71,17.31,1400820.47,930190.63,1.98,754878.84,17,Hospitality,224,5,9,64.22,0,657
BIZ0665,8793909.9,4.21,807624.42,544316.24,2.07,501701.93,13,Hospitality,105,8,10,77.93,0,591
BIZ0666,2098646.59,16.89,4571713.2,1149130.44,0.34,734364.8,18,Technology,294,6,7,50.89,0,704
BIZ0667,4878534.21,16.75,6704676.64,4475445.79,2.01,150131.31,10,Technology,105,6,7,77.11,0,691
BIZ0668,7121729.58,7.9,7082524.63,4818222.24,2.13,156960.94,20,Manufacturing,453,12,0,42.62,0,808
BIZ0669,948368.67,19.27,5561635.52,3365350.0,1.53,307031.29,16,Technology,109,13,8,29.9,1,495
BIZ0670,3333588.32,15.73,3387725.67,716176.24,0.27,60179.53,17,Real Estate,219,16,6,53.54,1,523
BIZ0671,4006793.84,7.79,3015096.3,1557101.47,1.07,468631.64,15,Real Estate,95,2,9,80.39,0,609
BIZ0672,5323699.46,3.63,7868820.51,2360475.5,0.43,119695.86,1,Food Services,159,1,4,63.05,0,718
BIZ0673,4443883.71,9.02,6366485.8,1633449.98,0.35,829240.65,8,Healthcare,157,3,7,61.9,0,659
BIZ0674,4851271.86,5.88,6116068.93,3121028.71,1.04,354811.82,19,Real Estate,291,17,1,57.68,1,581
BIZ0675,4634991.66,18.49,3022127.98,434540.19,0.17,244030.0,19,Retail,147,18,5,43.5,0,748
BIZ0676,502156.86,18.39,6813483.53,4727425.07,2.27,209423.87,18,Manufacturing,399,15,8,19.63,0,700
BIZ0677,7378277.29,18.65,3672072.24,717201.75,0.24,536773.18,7,Hospitality,62,6,10,37.91,0,651
BIZ0678,6402640.93,14.66,1240587.35,159380.97,0.15,994613.79,8,Construction,457,1,7,28.62,0,715
BIZ0679,2303815.63,1.74,3377762.8,2506034.6,2.87,374182.23,9,Transportation,451,2,7,45.53,0,667
BIZ0680,5334493.67,17.37,6981871.13,753543.27,0.12,789143.99,4,Food Services,117,3,9,46.86,1,466
BIZ0681,5090704.72,19.75,6134727.15,1833571.22,0.43,561475.23,14,Technology,325,3,3,89.37,0,765
BIZ0682,1424985.49,14.42,3026404.85,319545.41,0.12,433306.92,7,Manufacturing,301,3,8,28.78,0,695
BIZ0683,3704640.78,16.72,404544.34,140075.63,0.53,279106.95,9,Education,285,3,5,28.69,0,755
BIZ0684,2277680.57,11.56,2614344.15,1134405.3,0.77,408023.54,10,Construction,303,5,8,80.07,1,469
BIZ0685,5183091.23,7.27,1211685.35,1045347.98,6.28,107215.6,4,Technology,394,4,0,33.81,0,813
BIZ0686,3543812.22,4.12,6352026.88,1257690.46,0.25,653161.33,9,Technology,369,3,3,19.91,0,760
BIZ0687,9139580.29,4.61,6641501.17,3557883.37,1.15,123963.69,5,Transportation,434,2,10,86.44,0,586
BIZ0688,8666630.78,4.21,6889965.9,761913.45,0.12,536191.43,13,Real Estate,82,10,10,71.56,1,394
BIZ0689,9137420.29,16.57,7150254.26,1854602.55,0.35,319975.08,9,Hospitality,202,8,1,33.12,0,833
BIZ0690,4236546.37,11.35,1615086.2,1054646.98,1.88,209188.21,3,Hospitality,273,3,4,34.82,0,772
BIZ0691,8066185.33,15.05,5306061.11,1191840.06,0.29,569693.08,12,Real Estate,496,8,5,17.0,0,761
BIZ0692,4428407.04,1.76,2482309.56,2146005.2,6.38,955950.98,19,Manufacturing,454,3,7,38.19,0,670
BIZ0693,2201401.92,8.45,7603125.7,1619155.95,0.27,775340.05,12,Retail,417,9,6,18.69,1,500
BIZ0694,4125356.74,15.73,3003692.23,1808628.53,1.51,232415.28,7,Hospitality,432,2,7,21.68,1,519
BIZ0695,9217649.14,17.86,5153294.22,3847524.54,2.95,115585.09,9,Transportation,434,5,5,36.78,0,751
BIZ0696,6538630.56,7.76,1528651.54,882297.4,1.37,823664.72,18,Education,76,16,5,40.57,0,709
BIZ0697,2368537.87,5.51,2679221.71,1645674.58,1.59,620898.21,2,Manufacturing,60,2,0,65.69,0,797
BIZ0698,8327977.69,4.88,3964709.68,2936862.57,2.86,221150.72,4,Technology,235,4,0,18.79,0,820
BIZ0699,3757831.8,13.99,592649.39,386429.63,1.87,350296.25,14,Food Services,362,3,10,14.46,0,662
BIZ0700,2787636.25,8.35,1012414.17,220433.55,0.28,333078.37,10,Technology,457,5,1,17.18,1,601
BIZ0701,557446.91,10.19,1336680.68,462683.02,0.53,929756.58,12,Construction,52,6,10,22.94,1,458
BIZ0702,2455046.58,15.09,4554747.21,3678336.33,4.2,576293.59,6,Manufacturing,212,6,4,52.76,0,763
BIZ0703,2079178.94,18.41,2891570.31,1149878.63,0.66,771832.48,8,Hospitality,345,2,1,37.11,1,631
BIZ0704,7510313.81,12.35,7094803.22,991035.65,0.16,294209.56,1,Food Services,254,1,2,47.2,0,806
BIZ0705,7567099.28,18.46,3620652.91,1353060.01,0.6,963473.2,19,Food Services,275,15,0,45.59,0,847
BIZ0706,3840673.79,18.28,4724061.67,3352853.97,2.45,821216.38,1,Transportation,428,1,6,37.35,0,731
BIZ0707,8560481.86,7.9,6433907.01,5486796.38,5.79,642049.85,5,Real Estate,46,2,6,69.33,0,675
BIZ0708,8527876.66,8.51,789602.29,332818.17,0.73,690068.42,3,Retail,62,2,5,46.03,0,706
BIZ0709,3891333.08,13.06,1816790.52,1270836.88,2.33,568411.17,10,Technology,205,3,10,26.33,0,656
BIZ0710,7611782.73,10.17,2041838.95,1784193.49,6.92,729368.77,5,Retail,281,5,0,86.57,0,826
BIZ0711,5013453.24,18.06,4390374.99,2923213.22,1.99,289564.23,20,Technology,235,12,3,45.74,0,787
BIZ0712,2456810.34,1.02,698414.39,615880.71,7.46,280236.01,5,Hospitality,325,4,3,63.06,0,738
BIZ0713,5731274.36,3.91,5933684.92,3442730.68,1.38,744688.06,3,Retail,81,1,9,71.58,1,414
BIZ0714,5948851.16,7.49,5328330.63,824572.84,0.18,902527.45,13,Transportation,229,6,2,19.55,0,780
BIZ0715,8249581.12,12.35,3391629.95,1623737.84,0.92,861820.02,8,Construction,340,2,3,37.2,0,791
BIZ0716,1337277.09,15.76,6841362.01,1679240.51,0.33,458829.21,18,Education,317,10,0,23.24,0,850
BIZ0717,5585803.8,13.07,1893300.95,510049.01,0.37,89422.46,10,Food Services,275,10,8,35.77,0,692
BIZ0718,8650381.68,13.67,3709012.06,3199008.41,6.27,733282.94,7,Hospitality,161,6,0,84.41,0,827
BIZ0719,2959590.61,2.0,5918244.87,1166145.16,0.25,337636.37,8,Real Estate,207,2,3,52.6,0,743
BIZ0720,6205540.37,4.16,3286004.28,1951082.73,1.46,971327.92,16,Education,46,1,5,68.21,1,495
BIZ0721,7741014.55,12.24,1859377.61,1177634.06,1.73,642210.59,11,Technology,208,10,6,58.2,0,720
BIZ0722,5522237.74,7.35,4346776.46,1121662.73,0.35,814915.68,12,Healthcare,359,3,7,24.86,0,677
BIZ0723,4644337.25,13.51,3726647.87,1197756.94,0.47,580262.62,3,Manufacturing,310,1,0,37.76,1,651
BIZ0724,9265128.83,10.55,2891918.35,1994573.24,2.22,84877.3,9,Food Services,30,1,6,47.98,0,726
BIZ0725,9245090.91,1.23,4601393.06,3186606.72,2.25,510767.09,17,Construction,331,17,6,16.83,1,501
BIZ0726,5421099.1,12.67,2198234.35,1070097.11,0.95,457692.02,14,Hospitality,52,11,8,15.99,0,702
BIZ0727,8455988.94,5.56,1881682.86,948234.86,1.02,780309.77,18,Education,88,9,1,14.96,0,802
BIZ0728,1632499.21,1.69,800854.04,614520.36,3.3,162073.86,10,Retail,271,4,2,13.61,0,783
BIZ0729,8517937.98,5.99,3605015.89,475638.68,0.15,476624.59,18,Transportation,210,3,4,56.21,0,721
BIZ0730,3658053.58,7.0,1210339.5,476194.35,0.65,144519.94,14,Food Services,39,4,1,71.33,1,574
BIZ0731,9715707.34,17.44,4966020.33,3281012.67,1.95,320945.51,14,Retail,242,10,9,60.46,0,659
BIZ0732,5079164.73,15.4,2542579.5,901170.75,0.55,928409.7,2,Construction,351,1,1,14.5,0,842
BIZ0733,9171607.6,12.6,4552693.76,1364876.39,0.43,376111.71,1,Technology,369,1,2,78.16,0,790
BIZ0734,5390050.84,2.89,521813.99,454472.93,6.75,408136.86,16,Transportation,277,9,2,58.26,0,760
BIZ0735,6989585.71,18.72,4775055.92,959271.77,0.25,602635.45,12,Technology,393,5,1,71.31,0,814
BIZ0736,8858458.61,13.32,7234291.78,4331924.66,1.49,174723.57,1,Transportation,423,1,4,34.78,0,772
BIZ0737,9133851.73,15.45,5540627.6,1888096.6,0.52,224842.53,17,Retail,144,3,7,70.52,0,694
BIZ0738,2645000.75,12.72,706537.28,255014.88,0.56,495129.14,15,Healthcare,194,1,7,21.84,1,519
BIZ0739,2486424.96,3.48,1946865.04,1392493.09,2.51,454230.38,19,Technology,198,6,4,55.23,0,722
BIZ0740,827097.43,9.47,6606579.85,5339379.06,4.21,132371.24,4,Education,355,1,3,53.07,1,543
BIZ0741,4185741.17,16.76,1416086.97,1201288.66,5.59,763852.15,17,Manufacturing,32,1,3,85.31,0,767
BIZ0742,3952337.35,18.83,2494307.5,912263.08,0.58,715768.0,2,Real Estate,196,2,2,71.23,1,594
BIZ0743,2445622.89,16.16,6012950.01,908169.78,0.18,417861.98,6,Manufacturing,293,6,10,32.62,0,653
BIZ0744,9837995.36,13.21,5854338.8,5159394.3,7.42,408341.69,14,Food Services,174,4,6,74.15,0,712
BIZ0745,8760569.88,4.43,7602414.95,2090796.14,0.38,359909.48,11,Construction,432,2,9,70.5,0,614
BIZ0746,6278008.08,9.45,6042011.52,1707865.2,0.39,105535.09,12,Retail,267,11,0,33.99,0,813
BIZ0747,2096190.5,7.74,3439870.94,501923.52,0.17,604141.89,6,Food Services,421,5,0,80.75,0,789
BIZ0748,6179176.13,13.63,3586943.57,2370532.34,1.95,440194.97,13,Retail,459,8,4,50.37,0,764
BIZ0749,7071341.08,13.57,691846.67,273002.76,0.65,980080.25,10,Transportation,54,9,7,43.66,0,708
BIZ0750,9144336.5,14.63,4823733.0,3561090.72,2.82,871147.95,1,Transportation,112,1,9,46.55,0,666
BIZ0751,4167483.89,19.37,5698463.53,949241.24,0.2,869811.64,10,Education,134,8,5,48.44,0,745
BIZ0752,5722313.92,8.93,7070895.48,1861029.16,0.36,835141.38,19,Real Estate,405,7,8,54.62,0,642
BIZ0753,9732530.36,10.74,2610664.09,1241437.28,0.91,864964.89,8,Technology,13,7,0,34.39,0,850
BIZ0754,1726176.85,6.66,6328365.46,3020535.75,0.91,266107.52,8,Healthcare,187,1,5,23.29,0,718
BIZ0755,9429281.54,7.52,7909742.98,3861412.85,0.95,220205.72,1,Hospitality,444,1,1,81.29,0,769
BIZ0756,7241877.76,19.69,781332.66,138573.76,0.22,734433.9,7,Healthcare,131,4,7,32.55,0,713
BIZ0757,873937.86,1.42,6286090.58,1304657.62,0.26,494334.59,2,Technology,374,2,1,58.47,0,780
BIZ0758,757513.2,15.89,479900.51,340495.13,2.44,898639.27,2,Food Services,469,2,5,44.63,0,747
BIZ0759,5031342.23,8.39,7144426.47,5823756.44,4.41,369025.55,15,Retail,307,2,8,59.21,1,440
BIZ0760,9639555.74,10.67,3841468.52,1240623.21,0.48,960928.28,5,Hospitality,48,5,9,21.43,0,679
BIZ0761,3184227.54,6.3,3477761.26,3126626.83,8.9,102217.99,2,Hospitality,349,1,3,56.28,0,741
BIZ0762,1967947.88,9.35,4279497.0,1313950.77,0.44,350634.27,10,Construction,445,6,6,16.96,0,701
BIZ0763,9682305.17,18.95,2945075.01,1639473.63,1.26,914115.62,11,Transportation,241,5,3,10.49,0,804
BIZ0764,9509510.75,2.74,1627002.41,1413209.48,6.61,560663.14,3,Food Services,79,3,1,11.14,0,804
BIZ0765,4774464.91,14.17,5972018.87,5352942.73,8.65,323135.64,5,Retail,94,4,7,53.06,0,703
BIZ0766,4353629.96,4.21,7828669.88,6127137.83,3.6,523416.38,11,Hospitality,71,9,5,58.26,0,700
BIZ0767,5665977.17,14.2,4315269.42,3850204.79,8.28,630774.57,7,Real Estate,167,4,4,39.68,0,770
BIZ0768,2119393.86,8.31,3036888.02,1352768.64,0.8,792690.83,4,Retail,90,3,9,48.73,0,625
BIZ0769,5976644.58,7.5,6555838.45,1905334.71,0.41,263163.83,2,Food Services,437,2,2,50.36,0,764
BIZ0770,586326.83,13.32,4284313.04,1955421.53,0.84,968620.09,3,Food Services,192,2,8,55.7,0,682
BIZ0771,1824777.24,11.81,6996645.16,3963491.78,1.31,732113.47,2,Construction,143,1,0,39.76,0,850
BIZ0772,4850052.8,8.5,6989657.39,2063320.59,0.42,968397.52,13,Real Estate,294,12,8,86.65,0,626
BIZ0773,3806493.58,18.02,7746328.88,3522652.99,0.83,354947.19,8,Retail,246,2,2,52.09,0,803
BIZ0774,3098007.9,14.99,792595.91,110516.08,0.16,416973.32,4,Manufacturing,41,2,2,38.28,0,810
BIZ0775,5164687.75,7.09,1861160.18,646893.94,0.53,976159.06,7,Hospitality,200,6,10,42.89,0,608
BIZ0776,5977177.4,19.68,2236169.7,1442386.9,1.82,730185.46,3,Education,310,2,1,58.59,0,820
BIZ0777,6930286.62,2.22,4930684.14,3410381.36,2.24,250421.4,1,Retail,111,1,2,77.33,0,751
BIZ0778,8516222.2,9.75,2053668.34,425155.59,0.26,955641.81,3,Transportation,72,1,7,15.81,0,682
BIZ0779,3804312.3,12.78,4540488.25,910435.07,0.25,325241.58,2,Technology,483,2,6,29.1,0,735
BIZ0780,4405871.2,14.38,2052642.28,807392.69,0.65,421371.56,16,Manufacturing,205,14,2,88.12,1,585
BIZ0781,8101307.04,5.59,917083.59,324210.43,0.55,303454.82,12,Food Services,475,3,4,50.47,0,724
BIZ0782,8654067.92,17.05,3133534.27,2036131.32,1.86,347192.49,9,Real Estate,462,3,0,14.87,0,850
BIZ0783,593361.75,8.77,2903282.45,1900784.92,1.9,777933.2,20,Education,325,8,10,34.33,0,612
BIZ0784,3292209.22,9.48,5925340.81,3877164.89,1.89,988000.05,10,Real Estate,220,9,7,28.01,0,675
BIZ0785,6291978.13,18.39,1588352.28,1114131.49,2.35,589855.19,2,Retail,153,2,2,31.97,0,814
BIZ0786,3670877.67,12.01,7156404.64,3974981.93,1.25,650136.3,14,Food Services,339,13,8,51.5,0,684
BIZ0787,2712156.29,10.35,2757788.16,676791.21,0.33,528926.2,8,Healthcare,416,1,6,35.82,0,732
BIZ0788,4907861.47,3.53,7450867.57,5917193.49,3.86,722239.56,12,Real Estate,288,8,5,18.5,0,720
BIZ0789,8175594.62,15.59,1266140.74,778836.55,1.6,842608.56,19,Healthcare,174,13,4,56.19,0,761
BIZ0790,4854453.05,11.05,661264.12,404145.07,1.57,127374.85,6,Manufacturing,173,5,3,44.8,0,787
BIZ0791,5681565.53,3.53,5656489.85,4163228.74,2.79,205186.73,1,Construction,39,1,8,18.35,0,660
BIZ0792,8832711.84,11.04,3951183.57,732428.75,0.23,667078.21,12,Education,129,3,1,79.44,0,810
BIZ0793,6447519.74,2.43,1254217.41,174897.09,0.16,294605.26,8,Food Services,146,1,3,20.85,0,759
BIZ0794,4158051.53,18.92,5038858.05,3869737.31,3.31,724833.93,19,Hospitality,191,6,2,19.0,0,820
BIZ0795,3113439.37,13.14,2991311.0,2686609.51,8.82,300373.91,8,Education,172,6,9,32.33,1,473
BIZ0796,734121.84,14.24,5912480.57,4547305.73,3.33,975717.35,1,Transportation,495,1,9,88.05,0,645
BIZ0797,8307473.57,13.28,5319800.22,1078216.8,0.25,667677.81,7,Real Estate,287,3,2,88.6,1,585
BIZ0798,4671741.28,1.76,3153430.52,2400114.6,3.19,716424.15,16,Manufacturing,56,2,3,46.75,0,746
BIZ0799,4555499.91,9.91,7457022.05,4570176.77,1.58,346070.27,20,Food Services,20,17,7,52.03,0,663
BIZ0800,9739398.24,7.84,4031791.9,1549124.03,0.62,698386.14,1,Transportation,479,1,2,62.98,0,758
BIZ0801,3047360.68,7.0,1351909.36,844142.99,1.66,87807.27,11,Technology,480,6,0,57.81,0,801
BIZ0802,8962905.41,9.53,3890708.03,628642.5,0.19,687226.77,1,Technology,310,1,1,75.7,0,772
BIZ0803,4502358.38,16.94,7066115.55,2081281.83,0.42,573042.1,17,Transportation,47,12,10,25.4,0,657
BIZ0804,9155644.76,16.59,6176265.25,858581.5,0.16,851542.35,13,Education,61,6,4,45.04,0,767
BIZ0805,5691525.43,2.74,6150513.78,3480871.35,1.3,227260.59,11,Technology,90,7,10,25.06,0,617
BIZ0806,1041522.68,12.17,6786646.15,773667.96,0.13,96554.41,16,Transportation,99,12,3,55.82,0,782
BIZ0807,3604019.46,7.64,4932233.38,1575208.91,0.47,75277.95,19,Technology,203,10,4,68.82,0,715
BIZ0808,6017181.99,15.09,5531754.37,1464286.31,0.36,384856.99,5,Technology,383,1,9,20.09,0,679
BIZ0809,6923859.59,17.31,7716767.64,4650723.73,1.52,224896.26,13,Education,26,3,9,18.45,0,680
BIZ0810,5998186.53,12.75,6339111.87,4200433.6,1.96,842735.34,11,Education,123,11,9,14.5,0,682
BIZ0811,8583101.19,6.44,5267399.28,1850593.55,0.54,960072.51,4,Real Estate,82,3,1,12.67,0,803
BIZ0812,2081783.7,14.53,1736766.15,500721.16,0.41,519652.27,8,Transportation,173,3,10,83.19,0,628
BIZ0813,1870280.2,15.42,4204708.45,3487503.3,4.86,189283.83,3,Transportation,238,1,4,61.67,0,759
BIZ0814,1989224.07,13.99,4912003.11,3457372.17,2.38,343989.45,7,Food Services,364,1,5,45.84,0,747
BIZ0815,9848849.91,6.55,2640611.01,1013040.22,0.62,586364.38,9,Retail,378,1,0,30.19,1,614
BIZ0816,3024012.87,18.02,1186410.48,741803.34,1.67,911636.24,13,Real Estate,385,7,2,23.5,1,618
BIZ0817,4802391.92,18.97,5543832.33,1891940.86,0.52,228887.4,14,Real Estate,461,7,5,34.3,0,752
BIZ0818,1866745.68,2.99,3614370.93,2661849.38,2.79,184314.38,18,Hospitality,61,16,9,20.43,0,639
BIZ0819,2373238.33,2.85,1668049.19,1399468.44,5.21,830397.69,8,Technology,241,2,0,38.33,0,810
BIZ0820,5604118.9,13.87,5588300.76,3369673.9,1.52,302796.3,10,Manufacturing,173,5,1,13.12,0,843
BIZ0821,8964251.9,11.82,6726171.92,6008485.84,8.37,205435.39,3,Transportation,97,2,2,65.34,0,797
BIZ0822,9809576.75,19.73,5618757.45,1656925.69,0.42,808628.05,3,Healthcare,492,1,5,18.56,0,760
BIZ0823,9146863.18,8.27,5192828.24,2306208.69,0.8,465876.8,20,Education,467,16,0,34.83,0,812
BIZ0824,9393677.36,18.87,1728337.77,1382315.77,3.99,750559.87,14,Technology,320,7,2,30.23,0,814
BIZ0825,3045974.04,18.33,5212157.93,3527816.41,2.09,294294.73,2,Retail,179,1,3,67.55,0,776
BIZ0826,4065552.78,12.91,1510333.9,1145441.55,3.14,273279.73,14,Healthcare,379,12,8,62.18,0,678
BIZ0827,6162414.16,3.04,528537.28,437444.69,4.8,306148.51,9,Construction,162,4,1,75.57,1,572
BIZ0828,2508596.95,6.04,5437734.39,4743656.03,6.83,920023.63,2,Hospitality,302,2,2,50.23,0,764
BIZ0829,1789585.6,19.57,7729084.58,1785288.43,0.3,334451.97,2,Transportation,11,2,1,18.01,0,840
BIZ0830,8251580.0,8.19,1071816.95,400624.19,0.6,982314.17,10,Education,255,4,1,60.37,0,779
BIZ0831,2082115.88,19.74,6638452.47,2158704.2,0.48,116565.26,1,Food Services,97,1,1,14.53,0,842
BIZ0832,6017301.54,18.65,4175250.05,3233131.54,3.43,473592.29,16,Retail,167,13,7,66.69,0,696
BIZ0833,2152655.21,7.86,5243496.39,820907.57,0.19,393463.18,16,Construction,56,13,2,52.78,1,563
BIZ0834,5008068.84,16.51,3683711.37,2715309.98,2.8,615644.06,12,Hospitality,199,3,7,80.93,0,689
BIZ0835,6240891.99,12.97,3572110.36,769609.87,0.27,138881.44,2,Construction,235,2,4,11.33,0,784
BIZ0836,2746511.67,5.02,5993869.04,2133894.64,0.55,530742.46,8,Construction,298,1,2,23.0,1,578
BIZ0837,8590023.3,17.41,3491480.49,2478563.49,2.45,186682.35,4,Retail,352,3,8,10.69,0,704
BIZ0838,6072716.51,9.65,4336916.65,459585.28,0.12,451552.29,14,Education,126,9,0,67.45,0,796
BIZ0839,7456082.46,5.43,6579879.23,3755433.12,1.33,250224.94,13,Healthcare,224,9,10,28.94,0,615
BIZ0840,8384426.14,8.9,2363083.26,1875364.82,3.85,685804.88,16,Education,461,8,7,45.85,0,667
BIZ0841,2440436.45,12.91,3126443.08,2802906.69,8.66,506174.34,10,Retail,212,1,8,48.87,0,685
BIZ0842,9209182.03,16.22,3828588.53,2584141.87,2.08,606923.72,19,Healthcare,419,19,10,49.39,0,645
BIZ0843,4907394.5,5.67,7352800.34,2708223.5,0.58,954650.81,20,Technology,71,15,2,52.64,0,763
BIZ0844,5657934.22,3.46,3256241.26,583899.06,0.22,641806.34,6,Food Services,423,2,2,45.75,0,767
BIZ0845,2594469.57,4.13,3488124.96,2934448.98,5.3,724900.72,2,Hospitality,50,2,3,43.51,0,748
BIZ0846,1300023.61,19.71,5464695.52,1794186.62,0.49,606517.97,5,Education,142,3,1,18.76,1,640
BIZ0847,2160457.38,13.31,2265453.92,1527027.19,2.07,787980.3,3,Hospitality,294,2,8,63.87,0,678
BIZ0848,8978456.39,2.49,2914952.22,870492.13,0.43,988613.26,11,Construction,276,8,0,41.15,0,809
BIZ0849,7004889.06,5.03,2216382.37,720385.56,0.48,440570.91,20,Education,277,14,1,28.75,0,795
BIZ0850,8854234.04,19.35,2995934.94,1110909.16,0.59,56737.22,14,Technology,85,10,9,64.42,0,657
BIZ0851,1892778.85,4.03,6404632.7,3798155.97,1.46,92617.53,19,Retail,483,4,9,59.8,0,620
BIZ0852,4002888.98,15.62,6563107.46,2758377.6,0.72,949795.29,4,Construction,454,3,6,42.52,0,728
BIZ0853,5096834.01,18.05,7298985.45,1240341.75,0.2,939668.66,9,Hospitality,345,8,9,76.04,0,651
BIZ0854,2408657.73,16.3,6861008.78,2273191.26,0.5,954647.07,20,Real Estate,29,6,4,13.99,0,783
BIZ0855,5607020.81,11.94,5303140.63,602305.81,0.13,962348.44,13,Technology,326,10,10,13.57,0,663
BIZ0856,633137.92,11.77,7485228.32,4736336.1,1.72,831524.6,13,Manufacturing,212,6,3,11.06,0,804
BIZ0857,4865848.29,10.48,948820.21,614406.9,1.84,528059.39,2,Real Estate,481,2,5,71.21,0,734
BIZ0858,1919125.54,13.32,1710136.35,1364544.56,3.95,632460.43,1,Transportation,428,1,4,22.58,1,578
BIZ0859,5424471.9,2.39,5163930.07,1562394.17,0.43,813508.78,9,Real Estate,449,2,3,75.43,1,532
BIZ0860,5267760.54,9.64,6126414.6,1261897.59,0.26,569569.74,5,Construction,390,4,5,53.7,0,703
BIZ0861,4470848.81,17.21,6906767.53,1239005.94,0.22,136184.84,9,Hospitality,319,2,3,31.02,0,794
BIZ0862,1724574.56,14.68,1168858.71,699573.96,1.49,388263.93,15,Food Services,477,14,6,73.11,0,713
BIZ0863,6572417.38,5.48,5823818.15,4652895.41,3.97,170461.71,16,Healthcare,454,12,0,79.33,0,790
BIZ0864,1707549.66,9.12,1622538.23,1071326.8,1.94,770924.73,17,Technology,43,10,8,18.46,0,660
BIZ0865,8238938.03,18.79,4302735.79,3701313.92,6.15,558904.52,13,Technology,409,9,9,41.54,0,669
BIZ0866,5183335.75,9.97,4126374.92,3207959.41,3.49,840344.46,1,Technology,108,1,0,42.28,0,808
BIZ0867,5173316.23,11.88,2211362.8,1625714.47,2.78,512158.63,8,Manufacturing,243,1,5,36.72,0,751
BIZ0868,2769029.02,19.04,2718757.62,639145.75,0.31,487639.15,7,Construction,198,7,7,34.57,0,712
BIZ0869,3569879.56,11.34,4593014.03,1769445.5,0.63,474937.62,17,Hospitality,335,4,10,87.24,0,626
BIZ0870,2953154.73,5.63,3879011.06,2744850.75,2.42,245688.77,1,Food Services,200,1,9,66.74,0,616
BIZ0871,4479863.29,15.74,2974370.46,1638847.43,1.23,244730.27,15,Technology,455,8,9,69.36,0,655
BIZ0872,8599155.13,4.77,7045425.04,2691517.18,0.62,736549.4,18,Transportation,186,6,4,35.54,1,532
BIZ0873,1703052.69,4.39,4147028.95,686543.76,0.2,236181.18,3,Construction,24,2,0,85.5,1,587
BIZ0874,4074463.63,18.54,4540667.54,1433915.44,0.46,717278.79,6,Education,409,2,3,62.71,1,578
BIZ0875,3017949.23,13.77,795380.54,151851.53,0.24,53722.46,8,Food Services,147,7,8,89.96,0,665
BIZ0876,7973868.64,10.68,2680509.83,592423.3,0.28,320441.0,1,Manufacturing,252,1,10,40.08,0,649
BIZ0877,5626786.99,2.47,537020.47,97665.63,0.22,439973.78,6,Education,420,1,3,84.66,0,727
BIZ0878,8117346.05,9.86,3148662.23,587919.15,0.23,882136.37,9,Education,422,5,10,72.65,0,593
BIZ0879,5366475.36,10.26,5150695.8,4413886.27,5.99,600782.87,9,Hospitality,468,7,5,53.22,0,743
BIZ0880,1097621.02,4.56,646777.86,449305.14,2.28,737163.79,15,Construction,121,8,4,20.88,0,739
BIZ0881,1970467.33,6.72,2292224.43,911951.58,0.66,291930.58,17,Education,213,4,0,49.12,0,805
BIZ0882,9872410.16,2.06,1480578.46,210628.15,0.17,644549.14,17,Transportation,297,10,4,14.36,0,742
BIZ0883,5363416.99,11.01,4668118.26,1104714.69,0.31,237805.79,4,Real Estate,42,3,4,35.51,0,772
BIZ0884,2496118.87,3.21,7772888.34,913978.59,0.13,812562.54,11,Construction,143,11,10,73.04,0,593
BIZ0885,1788452.85,3.77,5700480.29,3501493.07,1.59,793608.39,10,Food Services,86,9,3,85.0,0,727
BIZ0886,1980589.6,5.63,6800672.35,1818804.87,0.37,118896.2,2,Education,216,2,10,66.26,0,596
BIZ0887,9240380.5,13.35,1087184.23,933114.19,6.06,295629.4,5,Manufacturing,345,4,4,36.98,0,771
BIZ0888,986630.82,10.43,1337220.53,562670.66,0.73,383174.3,9,Hospitality,217,7,0,71.83,0,834
BIZ0889,1957422.38,7.96,3237484.02,715899.52,0.28,808530.83,19,Education,427,7,5,66.58,0,696
BIZ0890,3983858.13,3.01,5174370.14,1019855.62,0.25,986637.46,8,Healthcare,336,8,10,72.45,0,593
BIZ0891,5996357.36,18.32,4611154.53,1104827.04,0.32,409768.19,12,Healthcare,163,3,10,77.45,0,631
BIZ0892,6681881.65,17.47,7194195.24,6013153.4,5.09,140106.73,18,Technology,160,4,7,53.53,0,703
BIZ0893,7690805.03,12.53,1667583.75,1230570.82,2.82,734105.77,5,Construction,381,5,2,16.89,0,821
BIZ0894,2152785.3,7.41,537416.3,225856.67,0.72,572383.08,11,Retail,123,6,3,59.57,0,740
BIZ0895,8444767.47,5.09,1315661.85,1027834.16,3.57,198782.17,10,Hospitality,413,6,5,87.98,0,686
BIZ0896,5258327.76,19.65,1140063.14,390417.6,0.52,656313.19,9,Education,160,8,1,38.0,1,631
BIZ0897,1123447.84,11.44,4890583.63,3042835.54,1.65,292882.91,16,Manufacturing,453,3,7,39.17,0,710
BIZ0898,2351956.31,16.71,4676181.21,3318919.66,2.45,727927.0,7,Healthcare,71,7,10,26.6,0,656
BIZ0899,8743369.95,9.21,7746089.85,3576928.02,0.86,185646.35,13,Healthcare,162,7,0,41.15,1,609
BIZ0900,3537348.07,17.49,7097505.18,2698111.05,0.61,129094.78,5,Technology,112,3,6,67.96,0,716
BIZ0901,7937774.34,9.41,4088027.24,2952894.6,2.6,413245.16,19,Real Estate,83,11,2,45.45,0,767
BIZ0902,3989734.9,10.99,6546875.78,2549449.34,0.64,548041.98,3,Real Estate,180,3,2,63.66,0,798
BIZ0903,3136466.65,18.73,5898862.76,3313682.27,1.28,665334.05,11,Manufacturing,12,8,4,12.34,0,783
BIZ0904,5340334.3,11.37,3131621.08,517278.41,0.2,233672.27,7,Technology,305,7,2,86.06,0,786
BIZ0905,4933489.98,2.0,685503.34,461854.56,2.07,561189.93,16,Retail,76,14,10,50.7,0,604
BIZ0906,7575131.95,4.2,1843504.05,863810.21,0.88,321965.87,14,Hospitality,229,8,6,29.8,0,695
BIZ0907,6684231.58,16.67,3574585.11,566457.61,0.19,309983.07,1,Manufacturing,283,1,5,88.4,0,725
BIZ0908,7242502.31,1.14,4338363.56,564086.72,0.15,590768.7,1,Transportation,397,1,0,83.66,1,588
BIZ0909,5635250.42,9.71,7582129.92,4844130.8,1.77,111654.32,1,Food Services,125,1,4,47.26,0,726
BIZ0910,4963141.05,9.65,4824300.5,1859364.49,0.63,206056.93,5,Retail,206,5,9,50.3,0,624
BIZ0911,6808116.17,7.43,7509974.97,6231522.32,4.87,248880.98,10,Technology,43,1,4,13.15,0,743
BIZ0912,8362297.48,19.39,7162756.6,4157463.16,1.38,553549.72,10,Real Estate,382,9,9,12.23,0,683
BIZ0913,4866340.14,12.94,4635113.93,3217273.33,2.27,315778.58,17,Transportation,232,5,5,55.2,0,742
BIZ0914,4429822.47,15.25,5669846.49,5060418.45,8.3,313996.57,16,Transportation,394,7,2,49.86,0,805
BIZ0915,4685729.58,17.28,5599988.97,4513327.65,4.15,243335.55,13,Manufacturing,126,4,2,79.87,0,790
BIZ0916,8941693.16,7.25,2790866.01,1422423.08,1.04,943655.68,7,Manufacturing,311,5,2,13.82,0,783
BIZ0917,8637433.89,8.53,1913592.42,841665.58,0.79,416274.88,4,Transportation,374,1,6,83.23,0,668
BIZ0918,5298597.78,19.78,3936109.24,576995.3,0.17,299160.61,9,Healthcare,329,1,9,44.89,0,667
BIZ0919,9501868.7,15.57,2438982.72,1396667.91,1.34,735376.7,2,Retail,344,1,0,85.3,0,827
BIZ0920,5394326.15,15.72,4672300.13,2533148.78,1.18,159004.86,4,Hospitality,237,4,1,20.09,0,839
BIZ0921,3054184.68,1.4,5893577.95,742527.63,0.14,615513.0,18,Construction,252,5,3,53.14,1,543
BIZ0922,5100024.82,2.21,4592828.56,3549691.27,3.4,997006.82,1,Construction,225,1,10,44.43,0,607
BIZ0923,9113206.32,4.63,5077259.75,2155659.99,0.74,89028.25,17,Construction,328,5,6,37.78,0,691
BIZ0924,7017865.96,19.03,2437158.62,1825852.83,2.99,102591.83,4,Healthcare,378,1,4,53.05,0,763
BIZ0925,9373313.42,15.56,5400419.33,4099550.69,3.15,665143.81,4,Retail,264,2,9,87.52,0,646
BIZ0926,9284256.79,10.83,1289689.54,673917.18,1.09,170529.19,7,Construction,435,5,3,57.4,0,781
BIZ0927,6414466.28,1.19,1880787.74,927349.38,0.97,952978.38,12,Hospitality,161,3,0,40.69,0,809
BIZ0928,7289612.85,12.47,2671838.74,1145292.0,0.75,256814.81,18,Real Estate,476,7,7,87.28,0,686
BIZ0929,4032449.45,1.49,2085524.14,1510705.53,2.63,241116.47,11,Food Services,11,1,10,16.41,0,621
BIZ0930,594707.73,2.61,6537956.61,4688883.06,2.54,919381.88,3,Retail,437,3,10,78.36,0,590
BIZ0931,997162.14,15.87,6825882.16,5046140.67,2.84,533055.08,16,Technology,496,3,8,28.63,0,695
BIZ0932,7408046.69,19.63,1583263.74,444155.62,0.39,251208.24,3,Retail,473,2,10,73.4,0,633
BIZ0933,1133268.38,19.97,588610.81,452168.03,3.31,397098.5,8,Real Estate,161,5,7,77.33,0,691
BIZ0934,9065496.68,18.6,469146.18,75218.09,0.19,287840.79,2,Retail,426,1,0,63.55,0,838
BIZ0935,4869448.54,12.53,1832598.88,1363404.94,2.91,968961.71,10,Transportation,420,6,6,31.49,0,734
BIZ0936,1318103.05,11.62,4221154.16,909866.35,0.27,469962.9,4,Retail,445,1,0,36.73,0,850
BIZ0937,6063716.19,1.16,6183645.47,4145586.62,2.03,397972.07,5,Technology,178,3,7,14.23,0,682
BIZ0938,9574164.02,5.56,2858787.06,706264.23,0.33,598089.32,20,Construction,459,3,5,22.39,0,718
BIZ0939,7121623.63,11.64,3337115.49,1455648.71,0.77,584005.34,11,Technology,68,7,6,10.47,0,744
BIZ0940,8871951.64,2.48,5771707.33,4825323.55,5.1,307149.42,15,Construction,437,7,7,39.64,0,670
BIZ0941,8876235.21,18.9,6020680.69,1019276.01,0.2,685696.45,14,Technology,67,3,0,42.82,0,848
BIZ0942,966909.71,4.63,6407903.42,2967929.83,0.86,336579.13,6,Retail,223,5,7,40.72,0,669
BIZ0943,7615490.67,6.17,1293013.99,389971.18,0.43,924718.63,19,Real Estate,102,13,5,56.53,0,701
BIZ0944,6165739.2,7.95,6534013.35,3388728.81,1.08,160910.51,20,Manufacturing,451,5,7,20.33,0,679
BIZ0945,9397417.07,6.86,7008512.88,4984990.3,2.46,285421.82,16,Retail,464,14,7,12.91,0,683
BIZ0946,7420692.37,4.79,3221659.0,1615208.81,1.01,739194.76,2,Retail,143,2,0,19.06,0,820
BIZ0947,5108192.64,11.28,6619540.87,1571098.75,0.31,817439.88,17,Education,380,8,10,65.43,0,637
BIZ0948,7145514.77,8.83,1451821.65,918440.08,1.72,548438.69,11,Healthcare,277,10,1,61.15,0,779
BIZ0949,9115232.48,12.16,1049058.88,482402.58,0.85,768538.25,14,Food Services,256,6,10,73.53,0,633
BIZ0950,9000101.92,6.09,3520550.1,2882899.36,4.52,901443.88,13,Technology,439,9,9,64.86,0,617
BIZ0951,1343346.04,17.43,2836711.29,688371.14,0.32,277401.34,2,Manufacturing,339,1,8,43.44,0,688
BIZ0952,3545392.07,3.56,2650943.42,1478767.95,1.26,469761.02,16,Real Estate,455,6,1,37.74,0,791
BIZ0953,8988344.73,15.38,2923205.34,2033246.39,2.28,194381.17,16,Transportation,133,11,4,20.43,0,779
BIZ0954,8173172.51,5.68,880725.91,180872.59,0.26,865807.72,2,Healthcare,124,2,6,60.7,0,679
BIZ0955,5775310.34,11.02,5381313.44,1542015.6,0.4,871182.84,8,Retail,245,8,9,34.75,0,672
BIZ0956,653184.14,8.08,3072994.62,1643399.24,1.15,119099.45,15,Retail,448,8,7,73.21,0,653
BIZ0957,6931859.24,16.26,4670264.87,3235123.14,2.25,678767.3,11,Retail,264,11,0,38.44,0,850
BIZ0958,3299663.01,11.85,6065022.82,2445203.27,0.68,337629.23,4,Hospitality,221,1,8,46.75,0,686
BIZ0959,9334256.75,11.36,5427143.16,4464470.52,4.64,143619.51,18,Manufacturing,432,3,9,28.57,0,675
BIZ0960,8325572.39,17.28,3554814.54,609550.88,0.21,465892.4,20,Construction,465,17,8,28.46,0,695
BIZ0961,7836541.79,2.44,6689617.25,2957715.72,0.79,616260.73,7,Real Estate,496,3,5,17.17,0,721
BIZ0962,1352158.73,19.27,6535188.53,3056548.22,0.88,262422.42,2,Food Services,442,2,5,84.68,0,727
BIZ0963,2029352.1,11.7,7572683.31,780472.79,0.11,276218.6,18,Education,317,16,10,85.08,0,627
BIZ0964,1575812.79,11.83,6950013.06,3347736.88,0.93,994836.04,12,Real Estate,68,2,10,64.33,0,637
BIZ0965,9931905.25,8.75,2584259.26,1411789.48,1.2,339092.21,8,Manufacturing,184,6,10,16.92,0,621
BIZ0966,4771041.85,16.9,4749595.41,4271623.86,8.94,322504.31,10,Healthcare,277,6,1,32.44,0,833
BIZ0967,2058604.09,6.42,6425584.34,5298571.75,4.7,976332.81,2,Technology,262,1,6,28.58,0,695
BIZ0968,3618423.35,3.14,7012189.43,4269613.51,1.56,206494.35,4,Construction,322,2,3,44.39,0,747
BIZ0969,7499548.4,9.61,7918527.58,1138652.48,0.17,387264.5,4,Hospitality,120,4,3,48.55,0,745
BIZ0970,3501390.31,14.86,7048077.76,5997741.08,5.71,814838.71,11,Retail,397,7,0,78.05,0,830
BIZ0971,8345938.15,6.77,3428438.59,1212057.3,0.55,494017.97,19,Retail,405,15,7,32.85,1,473
BIZ0972,3472023.97,2.86,4403810.46,641543.86,0.17,155016.01,19,Healthcare,78,16,0,27.55,0,816
BIZ0973,4615883.86,16.19,6020007.37,2655152.15,0.79,367019.0,17,Manufacturing,293,14,9,35.32,0,672
BIZ0974,994687.86,1.24,6446137.38,3105214.61,0.93,174337.08,16,Healthcare,409,6,9,28.85,1,435
BIZ0975,8665278.27,14.49,4064911.75,2098546.87,1.07,976482.31,6,Technology,63,4,10,87.26,0,626
BIZ0976,8205493.38,4.75,2022884.83,1296415.16,1.78,434751.04,20,Education,461,11,8,84.52,0,627
BIZ0977,5359493.59,18.45,7271263.82,1637658.55,0.29,398305.82,13,Hospitality,321,12,3,59.53,0,780
BIZ0978,9696210.63,18.38,1668821.36,328631.59,0.25,131138.06,9,Hospitality,185,5,7,82.76,0,688
BIZ0979,4454706.82,9.53,4952483.94,779462.9,0.19,265420.69,5,Technology,221,5,8,84.52,1,427
BIZ0980,7922261.15,1.37,2885251.44,1737980.22,1.51,311430.7,10,Healthcare,450,6,8,82.77,0,628
BIZ0981,1183113.81,18.27,7679026.6,1245307.24,0.19,555742.22,7,Food Services,117,5,4,34.27,0,772
BIZ0982,2206686.57,11.98,7680643.08,3859201.18,1.01,128768.85,12,Technology,373,11,2,59.6,0,800
BIZ0983,8631289.3,9.26,1865581.03,471776.52,0.34,780325.97,17,Healthcare,365,11,1,31.25,0,794
BIZ0984,2455929.45,7.11,3937700.99,3364988.68,5.88,935144.85,12,Healthcare,255,10,9,26.55,0,636
BIZ0985,1919294.19,10.69,3900427.39,3200722.43,4.57,933505.11,14,Healthcare,156,14,6,40.69,0,729
BIZ0986,9014244.37,16.33,427787.97,152312.9,0.55,450685.53,1,Healthcare,64,1,6,28.38,0,735
BIZ0987,858952.81,13.22,2395078.21,339808.29,0.17,269430.35,5,Manufacturing,353,1,3,74.15,0,772
BIZ0988,5089129.33,8.91,7831688.07,2039776.69,0.35,254591.32,9,Technology,156,5,2,33.35,0,773
BIZ0989,4103973.18,18.31,5076643.59,2180709.0,0.75,937690.25,2,Construction,114,1,5,13.88,0,763
BIZ0990,5875941.75,12.7,700637.05,295970.81,0.73,666696.27,15,Retail,325,14,10,65.85,0,637
BIZ0991,3545350.63,2.78,3646054.59,740162.02,0.25,950242.48,18,Food Services,390,18,6,48.01,0,685
BIZ0992,7779888.68,10.46,2756258.58,2066020.3,2.99,873794.54,8,Healthcare,411,5,10,63.84,0,638
BIZ0993,5880067.36,15.5,1437422.89,406699.55,0.39,888370.35,2,Hospitality,208,2,10,11.61,0,664
BIZ0994,5000846.28,9.49,453933.65,342955.31,3.09,391833.66,11,Healthcare,37,1,4,53.26,0,723
BIZ0995,7174980.98,19.16,4438183.64,1863041.38,0.72,956018.45,7,Education,454,7,7,61.37,0,699
BIZ0996,1701410.33,17.01,3152580.18,1981005.02,1.69,497275.6,8,Transportation,396,4,3,25.91,0,797
BIZ0997,1076489.16,8.85,4554273.54,2044129.11,0.81,761238.57,10,Real Estate,100,2,2,76.23,0,751
BIZ0998,868723.0,4.69,4478217.07,3796890.52,5.57,843208.94,6,Healthcare,71,4,0,77.4,0,791
BIZ0999,4579755.02,9.94,1596024.03,199270.79,0.14,949557.75,14,Construction,294,5,2,29.26,0,775
BIZ1000,1292101.01,18.64,4806002.07,3045224.62,1.73,915998.04,6,Education,443,3,0,37.65,0,850
